npc_id,shop_id,item_id,price,position
1001000,21,1332007,1000,104
1001000,21,1312000,3000,108
1001000,21,1302007,3000,112
1001000,21,1322005,50,116
1001000,21,1312004,50,120
1001000,21,1302000,50,124
1001001,22,3010001,1000,104
1001001,22,1092003,2000,108
1001001,22,1072063,10000,112
1001001,22,1072062,10000,116
1001001,22,1072017,10000,120
1001001,22,1072049,5000,124
1001001,22,1072048,5000,128
1001001,22,1072008,5000,132
1001001,22,1072005,50,136
1001001,22,1072038,50,140
1001001,22,1072037,50,144
1001001,22,1072001,50,148
1001001,22,1062001,4800,152
1001001,22,1062000,4800,156
1001001,22,1060004,2800,160
1001001,22,1060007,1000,164
1001001,22,1041012,3000,168
1001001,22,1041004,3000,172
1001001,22,1040014,3000,176
1001001,22,1040013,3000,180
1001001,22,1002001,3000,184
1001001,22,1002019,2000,188
1001001,22,1002134,800,192
1001001,22,1002133,800,196
1001001,22,1002132,800,200
1001001,22,1002069,450,204
1001001,22,1002068,450,208
1001001,22,1002067,450,212
1001001,22,1002066,450,216
1001001,22,1002014,1000,220
1001001,22,1002008,500,224
1001100,20,2000000,30,0
1001100,20,2061000,1,0
1001100,20,2060000,1,0
1001100,20,2030001,500,0
1001100,20,2030000,400,0
1001100,20,2020028,3000,0
1001100,20,2010004,180,0
1001100,20,2010003,60,0
1001100,20,2010001,106,0
1001100,20,2010002,50,0
1001100,20,2010000,30,0
1001100,20,2002005,500,0
1001100,20,2002004,500,0
1001100,20,2002002,500,0
1001100,20,2002001,400,0
1001100,20,2002000,500,0
1001100,20,2000006,385,0
1001100,20,2000003,150,0
1001100,20,2000002,280,0
1001100,20,2000001,150,0
1001100,20,2330000,800,1
1001100,20,2070000,500,1
1011000,4,1452002,3000,0
1011000,4,1452003,6000,0
1011000,4,1452001,10000,0
1011000,4,1452000,20000,0
1011000,4,1452005,40000,0
1011000,4,1462001,4000,0
1011000,4,1462002,8000,0
1011000,4,1462003,12000,0
1011000,4,1462000,30000,0
1011000,4,1462004,40000,0
1011000,4,1302007,3000,0
1011000,4,1322007,6000,0
1011000,4,1322008,12000,0
1011000,4,1422004,20000,0
1011000,4,1442004,24000,0
1011001,5,1002008,500,0
1011001,5,1002033,3000,0
1011001,5,1002012,3000,0
1011001,5,1002060,3000,0
1011001,5,1002061,3000,0
1011001,5,1002062,3000,0
1011001,5,1002063,3000,0
1011001,5,1002112,4000,0
1011001,5,1002113,4000,0
1011001,5,1002114,4000,0
1011001,5,1002115,4000,0
1011001,5,1002116,4000,0
1011001,5,1002117,9000,0
1011001,5,1002118,9000,0
1011001,5,1002119,9000,0
1011001,5,1002120,9000,0
1011001,5,1002121,9000,0
1011001,5,1002117,30000,0
1011001,5,1002118,30000,0
1011001,5,1002119,30000,0
1011001,5,1002120,30000,0
1011001,5,1002121,30000,0
1011001,5,1002010,800,0
1011001,5,1002057,800,0
1011001,5,1002156,20000,0
1011001,5,1002157,20000,0
1011001,5,1002158,20000,0
1011001,5,1002159,20000,0
1011001,5,1002160,20000,0
1011001,5,1032001,7000,0
1011001,5,1032003,7000,0
1011001,5,1040008,3200,0
1011001,5,1040071,3200,0
1011001,5,1040007,5500,0
1011001,5,1040011,5500,0
1011001,5,1040003,9000,0
1011001,5,1040022,15000,0
1011001,5,1040023,15000,0
1011001,5,1040024,15000,0
1011001,5,1040025,15000,0
1011001,5,1040067,45000,0
1011001,5,1040068,45000,0
1011001,5,1040069,45000,0
1011001,5,1040070,45000,0
1011001,5,1041007,3200,0
1011001,5,1041061,3200,0
1011001,5,1041062,5500,0
1011001,5,1041063,5500,0
1011001,5,1041013,9000,0
1011001,5,1041027,9000,0
1011001,5,1041028,9000,0
1011001,5,1041032,15000,0
1011001,5,1041033,15000,0
1011001,5,1041034,15000,0
1011001,5,1041035,15000,0
1011001,5,1041054,45000,0
1011001,5,1041055,45000,0
1011001,5,1041056,45000,0
1011001,5,1060005,14000,0
1011001,5,1060056,44000,0
1011001,5,1060057,44000,0
1011001,5,1060058,44000,0
1011001,5,1060059,44000,0
1011001,5,1061009,3000,0
1011001,5,1061057,3000,0
1011001,5,1061006,5000,0
1011001,5,1061058,5000,0
1011001,5,1061059,5000,0
1011001,5,1061050,44000,0
1011001,5,1061051,44000,0
1011001,5,1061052,44000,0
1011001,5,1062002,9000,0
1011001,5,1062006,13000,0
1011001,5,1072015,1800,0
1011001,5,1072059,1800,0
1011001,5,1072016,4500,0
1011001,5,1072060,4500,0
1011001,5,1072061,4500,0
1011001,5,1072025,9000,0
1011001,5,1072026,9000,0
1011001,5,1072068,9000,0
1011001,5,1072034,20000,0
1011001,5,1072069,20000,0
1011001,5,1072079,30000,0
1011001,5,1072080,30000,0
1011001,5,1072081,30000,0
1011001,5,1072082,30000,0
1011001,5,1072083,30000,0
1011001,5,1072012,15000,0
1011001,5,1072054,15000,0
1011001,5,1072055,15000,0
1011001,5,1072018,30000,0
1011001,5,1072064,30000,0
1011100,6,2070000,500,0
1011100,6,2050001,200,0
1011100,6,2050002,300,0
1011100,6,2010002,50,0
1011100,6,2010001,150,0
1011100,6,2010003,60,0
1011100,6,2010004,180,0
1011100,6,2020028,3000,0
1011100,6,2030000,400,0
1011100,6,2030004,500,0
1011100,6,2060000,1,0
1011100,6,2061000,1,0
1011100,6,2050000,200,0
1011100,6,2000000,30,0
1011100,6,2000001,150,0
1011100,6,2000002,280,0
1011100,6,2000003,150,0
1011100,6,2000006,385,0
1011100,6,2002000,400,0
1011100,6,2002001,400,0
1011100,6,2002002,500,0
1011100,6,2002004,500,0
1011100,6,2002005,500,0
1011100,6,2010000,30,0
1011100,6,2330000,800,1
1012004,7,2120000,30,0
1012004,7,2260000,1000,0
1021000,15,1442004,24000,104
1021000,15,1442007,12000,108
1021000,15,1442007,12000,108
1021000,15,1442006,8000,112
1021000,15,1442000,3000,116
1021000,15,1432001,7000,120
1021000,15,1432000,3000,124
1021000,15,1422004,20000,128
1021000,15,1422006,10000,132
1021000,15,1422003,10000,136
1021000,15,1422002,6000,140
1021000,15,1422000,3000,144
1021000,15,1412006,45000,148
1021000,15,1412000,22000,152
1021000,15,1412002,10000,156
1021000,15,1412001,3000,160
1021000,15,1402008,22000,164
1021000,15,1402000,12000,168
1021000,15,1402001,3000,172
1021000,15,1322014,40000,176
1021000,15,1322004,22000,180
1021000,15,1322002,10000,184
1021000,15,1322000,6000,188
1021000,15,1312005,40000,192
1021000,15,1312003,20000,196
1021000,15,1312001,6000,200
1021000,15,1332010,22000,204
1021000,15,1332008,10000,208
1021000,15,1332006,7000,212
1021000,15,1302008,40000,216
1021000,15,1302003,20000,220
1021000,15,1302006,10000,224
1021000,15,1302002,10000,228
1021000,15,1302005,6000,232
1021000,15,1302007,3000,236
1021001,14,1092000,6000,104
1021001,14,1092005,4000,108
1021001,14,1072011,15000,112
1021001,14,1072047,10000,116
1021001,14,1072046,10000,120
1021001,14,1072007,10000,124
1021001,14,1072050,5000,128
1021001,14,1072009,5000,132
1021001,14,1061020,14000,136
1021001,14,1061019,14000,140
1021001,14,1061015,14000,144
1021001,14,1061018,9000,148
1021001,14,1061017,9000,152
1021001,14,1061016,9000,156
1021001,14,1061023,3000,160
1021001,14,1061014,3000,164
1021001,14,1060019,38000,168
1021001,14,1060018,38000,172
1021001,14,1060017,38000,176
1021001,14,1060016,38000,180
1021001,14,1060060,14000,184
1021001,14,1060030,14000,188
1021001,14,1060011,14000,192
1021001,14,1060029,9000,196
1021001,14,1060010,9000,200
1021001,14,1060027,5000,204
1021001,14,1060009,5000,208
1021001,14,1060028,3000,212
1021001,14,1051013,60000,220
1021001,14,1051012,60000,224
1021001,14,1051011,60000,228
1021001,14,1051010,60000,232
1021001,14,1051000,8000,236
1021001,14,1050011,70000,240
1021001,14,1050007,15000,244
1021001,14,1050006,15000,248
1021001,14,1050005,15000,252
1021001,14,1041024,16000,256
1021001,14,1041023,16000,260
1021001,14,1041022,16000,264
1021001,14,1041021,9000,268
1021001,14,1041020,9000,272
1021001,14,1041019,9000,276
1021001,14,1041064,3200,280
1021001,14,1041014,3200,284
1021001,14,1040026,40000,288
1021001,14,1040021,40000,292
1021001,14,1040041,16000,296
1021001,14,1040016,16000,300
1021001,14,1040040,16000,304
1021001,14,1040039,9000,308
1021001,14,1040012,9000,312
1021001,14,1040037,5500,316
1021001,14,1040009,5500,320
1021001,14,1040038,3200,324
1021001,14,1040015,3200,328
1021001,14,1002005,19000,332
1021001,14,1002027,11500,336
1021001,14,1002059,8500,340
1021001,14,1002055,8700,344
1021001,14,1002051,3500,348
1021001,14,1002039,2700,352
1021001,14,1002043,2400,356
1021100,16,2050002,300,0
1021100,16,2050001,200,0
1021100,16,2050000,200,0
1021100,16,2061000,1,0
1021100,16,2060000,1,0
1021100,16,2030003,500,0
1021100,16,2030000,400,0
1021100,16,2010004,180,0
1021100,16,2010003,60,0
1021100,16,2010001,150,0
1021100,16,2010002,50,0
1021100,16,2010000,30,0
1021100,16,2002005,500,0
1021100,16,2002004,500,0
1021100,16,2002002,500,0
1021100,16,2002001,400,0
1021100,16,2002000,500,0
1021100,16,2000006,385,0
1021100,16,2000003,150,0
1021100,16,2000002,280,0
1021100,16,2000001,150,0
1021100,16,2000000,30,0
1021100,16,2330000,800,1
1021100,16,2070000,500,1
1031000,8,1372005,2000,0
1031000,8,1372006,5000,0
1031000,8,1372002,9000,0
1031000,8,1372004,18000,0
1031000,8,1372003,38000,0
1031000,8,1372005,3000,0
1031000,8,1382003,6000,0
1031000,8,1382005,6000,0
1031000,8,1382004,10000,0
1031000,8,1382002,20000,0
1031000,8,1322002,10000,0
1031001,9,1002017,1200,0
1031001,9,1002102,3000,0
1031001,9,1002103,3000,0
1031001,9,1002104,3000,0
1031001,9,1002105,3000,0
1031001,9,1002106,3000,0
1031001,9,1002016,20000,0
1031001,9,1040004,2000,0
1031001,9,1040017,2000,0
1031001,9,1040018,8500,0
1031001,9,1040019,8500,0
1031001,9,1040020,8500,0
1031001,9,1041015,2000,0
1031001,9,1041016,2000,0
1031001,9,1041017,4000,0
1031001,9,1041018,4000,0
1031001,9,1041025,4000,0
1031001,9,1041026,4000,0
1031001,9,1040018,8500,0
1031001,9,1040020,8500,0
1031001,9,1041031,8500,0
1031001,9,1041041,42000,0
1031001,9,1041042,42000,0
1031001,9,1041043,42000,0
1031001,9,1050008,7000,0
1031001,9,1050009,7000,0
1031001,9,1050010,7000,0
1031001,9,1050001,16000,0
1031001,9,1050023,16000,0
1031001,9,1050024,16000,0
1031001,9,1050025,16000,0
1031001,9,1050003,60000,0
1031001,9,1050026,60000,0
1031001,9,1050027,60000,0
1031001,9,1050028,60000,0
1031001,9,1051004,16000,0
1031001,9,1051005,16000,0
1031001,9,1051003,16000,0
1031001,9,1060012,2000,0
1031001,9,1060013,2000,0
1031001,9,1060014,8000,0
1031001,9,1060015,8000,0
1031001,9,1061010,2000,0
1031001,9,1061011,2000,0
1031001,9,1061012,4000,0
1031001,9,1061013,4000,0
1031001,9,1061021,4000,0
1031001,9,1061022,4000,0
1031001,9,1061027,8000,0
1031001,9,1061028,8000,0
1031001,9,1061034,40000,0
1031001,9,1061035,40000,0
1031001,9,1061036,40000,0
1031001,9,1072006,1500,0
1031001,9,1072044,1500,0
1031001,9,1072045,1500,0
1031001,9,1072023,4000,0
1031001,9,1072024,4000,0
1031001,9,1072019,9000,0
1031001,9,1072020,9000,0
1031001,9,1072021,9000,0
1031001,9,1072072,20000,0
1031001,9,1072073,20000,0
1031001,9,1072074,20000,0
1031100,10,2000000,30,0
1031100,10,2000001,150,0
1031100,10,2000002,280,0
1031100,10,2000003,150,0
1031100,10,2000006,385,0
1031100,10,2002000,500,0
1031100,10,2002001,400,0
1031100,10,2002002,500,0
1031100,10,2002004,500,0
1031100,10,2002005,500,0
1031100,10,2010000,30,0
1031100,10,2010002,50,0
1031100,10,2010001,60,0
1031100,10,2010003,150,0
1031100,10,2010004,180,0
1031100,10,2020028,3000,0
1031100,10,2030000,400,0
1031100,10,2030002,500,0
1031100,10,2060000,1,0
1031100,10,2061000,1,0
1031100,10,2050000,200,0
1031100,10,2050001,200,0
1031100,10,2050002,300,0
1031100,10,2070000,500,0
1031100,10,2330000,800,1
1032103,13,2040000,35000,0
1032103,13,2040400,35000,0
1032103,13,2040600,35000,0
1032103,13,2040700,35000,0
1032103,13,2040300,35000,0
1032103,13,2044500,70000,0
1032103,13,2044600,70000,0
1032103,13,2043800,70000,0
1051000,17,1472000,3000,104
1051000,17,1442000,3000,108
1051000,17,1432001,7000,112
1051000,17,1432000,3000,116
1051000,17,1422000,3000,120
1051000,17,1412001,3000,124
1051000,17,1402001,3000,128
1051000,17,1322009,20000,132
1051000,17,1332009,42000,136
1051000,17,1332012,40000,140
1051000,17,1332004,38000,144
1051000,17,1332010,22000,148
1051000,17,1332013,15000,152
1051000,17,1332008,10000,156
1051000,17,1332002,8000,160
1051000,17,1332006,7000,164
1051000,17,1332000,4000,168
1051000,17,1302007,3000,172
1051001,18,1072066,9000,104
1051001,18,1072065,9000,108
1051001,18,1072022,9000,112
1051001,18,1072031,4500,116
1051001,18,1072030,4500,120
1051001,18,1072029,4500,124
1051001,18,1072028,4500,128
1051001,18,1072043,2000,132
1051001,18,1072042,2000,136
1051001,18,1072004,2000,140
1051001,18,1072071,1800,144
1051001,18,1072070,1800,148
1051001,18,1061046,40000,152
1051001,18,1061045,40000,156
1051001,18,1061044,40000,160
1051001,18,1061043,40000,164
1051001,18,1061056,18000,168
1051001,18,1061055,18000,172
1051001,18,1061054,18000,176
1051001,18,1061053,18000,180
1051001,18,1061042,12000,184
1051001,18,1061041,12000,188
1051001,18,1061040,12000,192
1051001,18,1061033,8000,196
1051001,18,1061032,8000,200
1051001,18,1061003,8000,204
1051001,18,1061038,4800,208
1051001,18,1061037,4800,212
1051001,18,1061031,2800,216
1051001,18,1061030,2800,220
1051001,18,1061029,2800,224
1051001,18,1060046,40000,228
1051001,18,1060045,40000,232
1051001,18,1060044,40000,236
1051001,18,1060043,40000,240
1051001,18,1060039,19000,244
1051001,18,1060038,19000,248
1051001,18,1060037,19000,252
1051001,18,1060033,8000,256
1051001,18,1060032,8000,260
1051001,18,1060031,8000,264
1051001,18,1060025,4800,268
1051001,18,1060024,4800,272
1051001,18,1060023,2800,276
1051001,18,1060022,2800,280
1051001,18,1060021,2800,284
1051001,18,1041050,45000,288
1051001,18,1041049,45000,292
1051001,18,1041048,45000,296
1051001,18,1041047,45000,300
1051001,18,1041060,18000,304
1051001,18,1041059,18000,308
1051001,18,1041058,18000,312
1051001,18,1041057,18000,316
1051001,18,1041040,9000,320
1051001,18,1041039,9000,324
1051001,18,1041003,9000,328
1051001,18,1041045,5000,332
1051001,18,1041044,5000,336
1051001,18,1041038,3000,340
1051001,18,1041037,3000,344
1051001,18,1041036,3000,348
1051001,18,1040060,45000,352
1051001,18,1040059,45000,356
1051001,18,1040058,45000,360
1051001,18,1040057,45000,364
1051001,18,1040050,16000,368
1051001,18,1040049,16000,372
1051001,18,1040048,16000,376
1051001,18,1040044,9000,380
1051001,18,1040043,9000,384
1051001,18,1040042,9000,388
1051001,18,1040035,5000,392
1051001,18,1040034,5000,396
1051001,18,1040033,3000,400
1051001,18,1040032,3000,404
1051001,18,1040031,3000,408
1051001,18,1002175,30000,412
1051001,18,1002174,30000,416
1051001,18,1002173,30000,420
1051001,18,1002172,30000,424
1051001,18,1002171,30000,428
1051001,18,1002150,20000,432
1051001,18,1002149,20000,436
1051001,18,1002148,20000,440
1051001,18,1002147,20000,444
1051001,18,1002146,20000,448
1051001,18,1002097,7400,452
1051001,18,1002096,7400,456
1051001,18,1002020,7400,460
1051001,18,1002131,12000,464
1051001,18,1002130,12000,468
1051001,18,1002129,12000,472
1051001,18,1002128,12000,476
1051001,18,1002127,12000,480
1051001,18,1002111,4000,484
1051001,18,1002110,4000,488
1051001,18,1002109,4000,492
1051001,18,1002108,4000,496
1051001,18,1002107,4000,500
1051001,18,1002001,3000,504
1051001,18,1002126,900,508
1051001,18,1002125,900,512
1051001,18,1002124,900,516
1051001,18,1002123,900,520
1051001,18,1002122,900,524
1051002,19,2050002,300,0
1051002,19,2050001,200,0
1051002,19,2050000,200,0
1051002,19,2061000,1,0
1051002,19,2060000,1,0
1051002,19,2030005,500,0
1051002,19,2030000,400,0
1051002,19,2010004,180,0
1051002,19,2010003,60,0
1051002,19,2010001,150,0
1051002,19,2010002,50,0
1051002,19,2010000,30,0
1051002,19,2002005,500,0
1051002,19,2002004,500,0
1051002,19,2002002,500,0
1051002,19,2002001,400,0
1051002,19,2002000,500,0
1051002,19,2000006,385,0
1051002,19,2000003,150,0
1051002,19,2000002,280,0
1051002,19,2000001,150,0
1051002,19,2000000,30,0
1051002,19,2330000,800,1
1051002,19,2070000,500,1
1052104,34,2044700,70000,104
1052104,34,2043300,70000,108
1052104,34,2044400,70000,112
1052104,34,2044300,70000,116
1052104,34,2044200,70000,120
1052104,34,2044100,70000,124
1052104,34,2044000,70000,128
1052104,34,2043200,70000,132
1052104,34,2043100,70000,136
1052104,34,2043000,70000,140
1052104,34,2040703,35000,144
1052104,34,2040700,35000,148
1052104,34,2040600,35000,152
1052104,34,2040500,35000,156
1052104,34,2040003,35000,160
1052104,34,2040000,35000,164
1061001,11,2020001,150,0
1061001,11,2020005,320,0
1061001,11,2020003,225,0
1061001,11,2020004,225,0
1061001,11,2022003,770,0
1061001,11,2020000,420,0
1061001,11,2022000,1155,0
1061001,11,2020002,320,0
1061001,11,2060000,1,0
1061001,11,2061000,1,0
1061001,11,2030000,400,0
1061001,11,2070000,500,0
1061001,11,2330000,800,1
1061002,12,2000000,30,0
1061002,12,2000001,150,0
1061002,12,2000002,260,0
1061002,12,2000003,150,0
1061002,12,2000006,385,0
1061002,12,2010000,30,0
1061002,12,2010002,50,0
1061002,12,2010001,60,0
1061002,12,2010003,150,0
1061002,12,2010004,180,0
1061002,12,2022000,1155,0
1061002,12,2022003,770,0
1061002,12,2030000,400,0
1061002,12,2030006,600,0
1061002,12,2061000,1,0
1061002,12,2060000,1,0
1061002,12,2070000,500,0
1061002,12,2330000,800,1
1091000,25,1322007,6000,104
1091000,25,1302007,3000,108
1091000,25,1442004,24000,112
1091000,25,1482004,52000,116
1091000,25,1482003,20000,120
1091000,25,1482002,10000,124
1091000,25,1482001,6000,128
1091000,25,1482000,3000,132
1091000,25,1492004,50000,136
1091000,25,1492003,22000,140
1091000,25,1492002,10000,144
1091000,25,1492001,6000,148
1091000,25,1492000,3000,152
1091001,24,1072288,8000,104
1091001,24,1072285,5000,108
1091001,24,1052107,60000,112
1091001,24,1052104,30000,116
1091001,24,1052101,16000,120
1091001,24,1052098,8000,124
1091001,24,1052095,4000,128
1091001,24,1002619,20000,132
1091001,24,1002616,12000,136
1091001,24,1002613,4000,140
1091001,24,1002610,900,144
1091002,23,2061000,1,0
1091002,23,2060000,1,0
1091002,23,2030019,500,0
1091002,23,2030000,400,0
1091002,23,2020028,3000,0
1091002,23,2010004,180,0
1091002,23,2010003,60,0
1091002,23,2010001,150,0
1091002,23,2010002,50,0
1091002,23,2010000,30,0
1091002,23,2002005,500,0
1091002,23,2002004,500,0
1091002,23,2002002,500,0
1091002,23,2002001,400,0
1091002,23,2002000,500,0
1091002,23,2000006,385,0
1091002,23,2000003,180,0
1091002,23,2000002,280,0
1091002,23,2000001,150,0
1091002,23,2000000,30,0
1091002,23,2330000,800,1
1091002,23,2070000,500,1
11000,1,1302000,50,0
11000,1,1312004,50,0
11000,1,1322005,50,0
11000,1,1332005,50,0
1100001,27,1072005,50,104
1100001,27,1072001,50,108
1100001,27,1061008,50,112
1100001,27,1061002,50,116
1100001,27,1060006,50,120
1100001,27,1060002,50,124
1100001,27,1041011,50,128
1100001,27,1041010,50,132
1100001,27,1041006,50,136
1100001,27,1041002,50,140
1100001,27,1040010,50,144
1100001,27,1040006,50,148
1100001,27,1040002,50,152
1100001,27,1332005,500,156
1100001,27,1322005,50,160
1100001,27,1312004,50,164
1100001,27,1302000,50,168
1100002,26,2050002,300,0
1100002,26,2050001,200,0
1100002,26,2050000,200,0
1100002,26,2061000,1,0
1100002,26,2060000,1,0
1100002,26,2030000,400,0
1100002,26,2120008,200,0
1100002,26,2010004,180,0
1100002,26,2010003,60,0
1100002,26,2010001,150,0
1100002,26,2010002,50,0
1100002,26,2010000,30,0
1100002,26,2002005,500,0
1100002,26,2002004,500,0
1100002,26,2002002,500,0
1100002,26,2002001,400,0
1100002,26,2002000,500,0
1100002,26,2000006,385,0
1100002,26,2000003,150,0
1100002,26,2000002,280,0
1100002,26,2000001,150,0
1100002,26,2000000,30,0
1100002,26,2330000,800,1
1100002,26,2070000,500,1
11100,2,2000000,30,0
11100,2,2000001,150,0
11100,2,2000002,280,0
11100,2,2010000,30,0
11100,2,2010002,50,0
1200001,29,1442000,3000,0
1200001,29,1442006,8000,0
1200001,29,1442007,12000,0
1200001,29,1040002,50,0
1200001,29,1040006,50,0
1200001,29,1040010,50,0
1200001,29,1041002,50,0
1200001,29,1041006,50,0
1200001,29,1041010,50,0
1200001,29,1041011,50,0
1200001,29,1060002,50,0
1200001,29,1060006,50,0
1200001,29,1061002,50,0
1200001,29,1061008,50,0
1200001,29,1072001,50,0
1200001,29,1072005,50,0
1200002,30,2000000,30,0
1200002,30,2000001,150,0
1200002,30,2000002,280,0
1200002,30,2000003,150,0
1200002,30,2000006,385,0
1200002,30,2002000,500,0
1200002,30,2002001,400,0
1200002,30,2002002,500,0
1200002,30,2002004,500,0
1200002,30,2002005,500,0
1200002,30,2010002,50,0
1200002,30,2010001,150,0
1200002,30,2010003,60,0
1200002,30,2010004,180,0
1200002,30,2030000,400,0
1200002,30,2050000,200,0
1200002,30,2050001,200,0
1200002,30,2050002,300,0
1200002,30,2010000,30,0
1200002,30,2070000,500,1
1200002,30,2330000,800,1
1301000,28,2050002,300,0
1301000,28,2050001,200,0
1301000,28,2050000,200,0
1301000,28,2061000,1,0
1301000,28,2060000,1,0
1301000,28,2000000,30,0
1301000,28,2030000,400,0
1301000,28,2020028,3000,0
1301000,28,2010004,180,0
1301000,28,2010003,60,0
1301000,28,2010001,150,0
1301000,28,2010002,50,0
1301000,28,2010000,30,0
1301000,28,2002005,500,0
1301000,28,2002004,500,0
1301000,28,2002002,500,0
1301000,28,2002001,400,0
1301000,28,2002000,500,0
1301000,28,2000006,385,0
1301000,28,2000003,150,0
1301000,28,2000002,280,0
1301000,28,2000001,150,0
1301000,28,2330000,800,1
1301000,28,2070000,500,1
2010004,66,2260000,1000,220
2010004,66,2120000,30,224
2012003,68,1492004,75000,104
2012003,68,1482004,75000,108
2012003,68,1472001,20000,112
2012003,68,1462000,30000,116
2012003,68,1452005,150000,120
2012003,68,1442001,60000,124
2012003,68,1432002,60000,128
2012003,68,1422001,45000,132
2012003,68,1412006,45000,136
2012003,68,1402002,150000,140
2012003,68,1382002,20000,144
2012003,68,1372003,38000,148
2012003,68,1332012,40000,152
2012003,68,1332009,42000,156
2012003,68,1322014,40000,160
2012003,68,1312005,40000,164
2012003,68,1302008,40000,168
2012004,67,1052107,90000,104
2012004,67,1002622,40000,108
2012004,67,1061046,40000,112
2012004,67,1061045,40000,116
2012004,67,1061044,40000,120
2012004,67,1061043,40000,124
2012004,67,1060046,40000,128
2012004,67,1060045,40000,132
2012004,67,1060044,40000,136
2012004,67,1060043,40000,140
2012004,67,1041050,45000,144
2012004,67,1041049,45000,148
2012004,67,1041048,45000,152
2012004,67,1041047,45000,156
2012004,67,1040060,45000,160
2012004,67,1040059,45000,164
2012004,67,1040058,45000,168
2012004,67,1040057,45000,172
2012004,67,1002175,30000,176
2012004,67,1002174,30000,180
2012004,67,1002173,30000,184
2012004,67,1002172,30000,188
2012004,67,1002171,30000,192
2012004,67,1061051,44000,196
2012004,67,1061050,44000,200
2012004,67,1061052,44000,204
2012004,67,1060057,44000,208
2012004,67,1060056,44000,212
2012004,67,1060058,44000,216
2012004,67,1060059,44000,220
2012004,67,1041055,50000,224
2012004,67,1041054,50000,228
2012004,67,1041056,50000,232
2012004,67,1040068,50000,236
2012004,67,1040067,50000,240
2012004,67,1040070,50000,244
2012004,67,1040069,50000,248
2012004,67,1002165,30000,252
2012004,67,1002164,30000,256
2012004,67,1002163,30000,260
2012004,67,1002162,30000,264
2012004,67,1002161,30000,268
2012004,67,1061036,40000,272
2012004,67,1061035,40000,276
2012004,67,1061034,40000,280
2012004,67,1050028,40000,284
2012004,67,1050027,40000,288
2012004,67,1050026,40000,292
2012004,67,1050003,40000,296
2012004,67,1041043,42000,300
2012004,67,1041042,42000,304
2012004,67,1041041,42000,308
2012004,67,1002064,40000,312
2012004,67,1092006,60000,316
2012004,67,1060019,38000,320
2012004,67,1060018,38000,324
2012004,67,1060017,38000,328
2012004,67,1060016,38000,332
2012004,67,1051013,60000,336
2012004,67,1051012,60000,340
2012004,67,1051011,60000,344
2012004,67,1051010,60000,348
2012004,67,1040026,40000,352
2012004,67,1040021,40000,356
2012004,67,1002023,120000,360
2012005,69,2061000,1,0
2012005,69,2060000,1,0
2012005,69,2030000,400,0
2012005,69,2050003,500,0
2012005,69,2050002,300,0
2012005,69,2050001,200,0
2012005,69,2050000,200,0
2012005,69,2020028,3000,0
2012005,69,2010004,180,0
2012005,69,2010003,100,0
2012005,69,2010001,150,0
2012005,69,2010002,50,0
2012005,69,2010000,30,0
2012005,69,2001002,4000,0
2012005,69,2001001,2300,0
2012005,69,2001000,3200,0
2012005,69,2022000,1150,0
2012005,69,2022003,770,0
2012005,69,2002005,500,0
2012005,69,2002004,500,0
2012005,69,2002002,500,0
2012005,69,2002001,400,0
2012005,69,2002000,500,0
2012005,69,2000006,385,0
2012005,69,2000003,200,0
2012005,69,2000002,320,0
2012005,69,2000001,150,0
2012005,69,2000000,30,0
2012005,69,2330000,800,1
2012005,69,2070000,500,1
2020001,70,1492006,160000,104
2020001,70,1492005,100000,108
2020001,70,1482006,150000,112
2020001,70,1482005,100000,116
2020001,70,1472007,60000,120
2020001,70,1472004,30000,124
2020001,70,1462005,250000,128
2020001,70,1462004,200000,132
2020001,70,1452007,375000,136
2020001,70,1452006,250000,140
2020001,70,1442009,300000,144
2020001,70,1442003,175000,148
2020001,70,1432005,225000,152
2020001,70,1432003,175000,156
2020001,70,1422007,250000,160
2020001,70,1422008,200000,164
2020001,70,1412005,250000,168
2020001,70,1412004,200000,172
2020001,70,1402007,450000,176
2020001,70,1402006,350000,180
2020001,70,1372000,400000,184
2020001,70,1372001,175000,188
2020001,70,1332011,425000,192
2020001,70,1332014,375000,196
2020001,70,1332001,200000,200
2020001,70,1322016,175000,204
2020001,70,1322015,100000,208
2020001,70,1312007,175000,212
2020001,70,1312006,100000,216
2020001,70,1302009,225000,220
2020001,70,1302004,100000,224
2022000,71,1002625,75000,104
2022000,71,1052113,120000,108
2022000,71,1052110,100000,112
2022000,71,1061069,160000,116
2022000,71,1061070,160000,120
2022000,71,1060072,160000,124
2022000,71,1060071,160000,128
2022000,71,1060052,108000,132
2022000,71,1060050,108000,136
2022000,71,1060051,108000,140
2022000,71,1051009,111000,144
2022000,71,1051008,111000,148
2022000,71,1051007,111000,152
2022000,71,1041074,180000,156
2022000,71,1041075,180000,160
2022000,71,1040083,180000,164
2022000,71,1040082,180000,168
2022000,71,1040061,114000,172
2022000,71,1040062,114000,176
2022000,71,1040063,114000,180
2022000,71,1002180,100000,184
2022000,71,1002179,100000,188
2022000,71,1002178,100000,192
2022000,71,1002177,100000,196
2022000,71,1002176,100000,200
2022000,71,1061080,160000,204
2022000,71,1061081,160000,208
2022000,71,1061062,108000,212
2022000,71,1061060,108000,216
2022000,71,1061064,108000,220
2022000,71,1061061,108000,224
2022000,71,1060069,160000,228
2022000,71,1060070,160000,232
2022000,71,1060063,108000,236
2022000,71,1060061,108000,240
2022000,71,1060065,108000,244
2022000,71,1060062,108000,248
2022000,71,1041081,180000,252
2022000,71,1041082,180000,256
2022000,71,1041067,114000,260
2022000,71,1041065,114000,264
2022000,71,1041069,114000,268
2022000,71,1041066,114000,272
2022000,71,1040079,180000,276
2022000,71,1040081,180000,280
2022000,71,1040076,114000,284
2022000,71,1040074,114000,288
2022000,71,1040073,114000,292
2022000,71,1040072,114000,296
2022000,71,1002137,100000,300
2022000,71,1002135,100000,304
2022000,71,1002139,100000,308
2022000,71,1002138,100000,312
2022000,71,1061047,120000,316
2022000,71,1061048,120000,320
2022000,71,1051027,450000,324
2022000,71,1051024,450000,328
2022000,71,1051025,450000,332
2022000,71,1051023,450000,336
2022000,71,1050037,450000,340
2022000,71,1050036,450000,344
2022000,71,1050038,450000,348
2022000,71,1050035,450000,352
2022000,71,1050002,300000,356
2022000,71,1050031,300000,360
2022000,71,1041051,120000,364
2022000,71,1041052,120000,368
2022000,71,1002144,96000,372
2022000,71,1002143,96000,376
2022000,71,1002142,96000,380
2022000,71,1002141,96000,384
2022000,71,1092002,200000,388
2022000,71,1092001,100000,392
2022000,71,1061084,180000,396
2022000,71,1061083,180000,400
2022000,71,1060074,180000,404
2022000,71,1060075,180000,408
2022000,71,1051014,112500,412
2022000,71,1051001,112500,416
2022000,71,1050021,112500,420
2022000,71,1050000,112500,424
2022000,71,1041085,200000,428
2022000,71,1041084,200000,432
2022000,71,1040085,200000,436
2022000,71,1040000,200000,440
2022000,71,1002004,160000,444
2022000,71,1072338,29000,448
2022000,71,1072171,29000,452
2022000,71,1072170,29000,456
2022000,71,1072169,28000,460
2022000,71,1072168,30000,464
2022001,72,2061000,1,0
2022001,72,2060000,1,0
2022001,72,2030000,400,0
2022001,72,2050002,300,0
2022001,72,2050001,200,0
2022001,72,2050000,200,0
2022001,72,2020015,10608,0
2022001,72,2020014,8424,0
2022001,72,2020013,5824,0
2022001,72,2020012,4680,0
2022001,72,2001002,4000,0
2022001,72,2001001,2300,0
2022001,72,2001000,3200,0
2022001,72,2022000,1155,0
2022001,72,2022003,770,0
2022001,72,2010004,180,0
2022001,72,2010003,60,0
2022001,72,2010001,150,0
2022001,72,2010002,50,0
2022001,72,2010000,30,0
2022001,72,2002005,500,0
2022001,72,2002004,500,0
2022001,72,2002002,500,0
2022001,72,2002001,400,0
2022001,72,2002000,500,0
2022001,72,2000006,620,0
2022001,72,2000003,200,0
2022001,72,2000002,320,0
2022001,72,2000001,160,0
2022001,72,2000000,30,0
2022001,72,2022186,2400,0
2022001,72,2330000,800,1
2022001,72,2070000,500,1
2022002,35,2044900,70000,104
2022002,35,2044800,70000,108
2022002,35,2044700,70000,112
2022002,35,2044600,70000,116
2022002,35,2044500,70000,120
2022002,35,2044400,70000,124
2022002,35,2044300,70000,128
2022002,35,2044200,70000,132
2022002,35,2044100,70000,136
2022002,35,2044000,70000,140
2022002,35,2043800,70000,144
2022002,35,2043700,70000,148
2022002,35,2043300,70000,152
2022002,35,2043200,70000,156
2022002,35,2043100,70000,160
2022002,35,2043000,70000,164
2022002,35,2041003,35000,168
2022002,35,2041000,35000,172
2022002,35,2040900,35000,176
2022002,35,2040800,35000,180
2022002,35,2040700,35000,184
2022002,35,2040600,35000,188
2022002,35,2040503,35000,192
2022002,35,2040400,35000,196
2022002,35,2040300,35000,200
2022002,35,2040003,35000,204
2030009,73,2002011,1200,0
2030009,73,2330000,800,104
2030009,73,2070000,500,108
2030009,73,2061000,1,120
2030009,73,2060000,1,124
2030009,73,2030000,400,128
2030009,73,2020015,10608,132
2030009,73,2020014,8424,136
2030009,73,2020013,5824,140
2030009,73,2020012,4680,144
2030009,73,2022000,1155,148
2030009,73,2022003,770,152
2030009,73,2020006,551,156
2030009,73,2020004,468,160
2030009,73,2020003,468,164
2030009,73,2020001,228,168
2030009,73,2010004,280,172
2030009,73,2020005,332,176
2030009,73,2001002,4160,180
2030009,73,2001001,2392,184
2030009,73,2001000,3328,188
2030009,73,2002005,520,192
2030009,73,2002004,520,196
2030009,73,2002002,520,200
2030009,73,2002001,416,204
2030009,73,2002000,520,208
2030009,73,2000006,385,212
2030009,73,2000003,150,216
2030009,73,2000002,332,220
2030009,73,2000001,150,224
2040049,33,2061001,10,104
2040049,33,2060001,10,108
2040049,33,2061000,1,120
2040049,33,2060000,1,124
2040049,33,2120000,30,128
2040049,33,2020015,10608,132
2040049,33,2020014,8424,136
2040049,33,2020013,5824,140
2040049,33,2020012,4680,144
2040049,33,2022000,1155,148
2040049,33,2022003,1144,152
2040049,33,2020006,503,156
2040049,33,2020005,304,160
2040049,33,2020004,427,164
2040049,33,2020003,427,168
2040049,33,2020002,304,172
2040049,33,2020001,209,176
2040049,33,2010002,50,180
2040049,33,2010001,150,184
2040049,33,2002010,475,188
2040049,33,2002009,570,192
2040049,33,2002008,570,196
2040049,33,2002007,570,200
2040049,33,2002006,570,204
2040049,33,2001002,4000,208
2040049,33,2001001,2300,212
2040049,33,2000006,385,216
2040049,33,2000011,385,220
2040049,33,2000003,150,224
2040049,33,2000010,150,228
2040049,33,2000002,280,232
2040049,33,2000009,280,236
2040049,33,2000001,150,240
2040049,33,2000008,150,244
2040049,33,2000000,30,248
2040049,33,2000007,50,252
2041002,74,1492006,160000,104
2041002,74,1492005,100000,108
2041002,74,1492004,75000,112
2041002,74,1482006,150000,116
2041002,74,1482005,100000,120
2041002,74,1482004,75000,124
2041002,74,1472007,60000,128
2041002,74,1472004,30000,132
2041002,74,1472001,20000,136
2041002,74,1462005,250000,140
2041002,74,1462004,200000,144
2041002,74,1462000,30000,148
2041002,74,1452007,375000,152
2041002,74,1452006,250000,156
2041002,74,1452005,150000,160
2041002,74,1442009,300000,164
2041002,74,1442003,175000,168
2041002,74,1442001,60000,172
2041002,74,1432005,225000,176
2041002,74,1432003,175000,180
2041002,74,1432002,60000,184
2041002,74,1422007,250000,188
2041002,74,1422008,200000,192
2041002,74,1422001,45000,196
2041002,74,1412005,250000,200
2041002,74,1412004,200000,204
2041002,74,1412006,45000,208
2041002,74,1402007,450000,212
2041002,74,1402006,350000,216
2041002,74,1402002,150000,220
2041002,74,1382002,20000,224
2041002,74,1372000,400000,228
2041002,74,1372001,175000,232
2041002,74,1372003,38000,236
2041002,74,1332011,425000,240
2041002,74,1332014,375000,244
2041002,74,1332001,200000,248
2041002,74,1332012,40000,252
2041002,74,1332009,42000,256
2041002,74,1322016,175000,260
2041002,74,1322015,100000,264
2041002,74,1322014,40000,268
2041002,74,1312007,175000,272
2041002,74,1312006,100000,276
2041002,74,1312005,40000,280
2041002,74,1302009,225000,284
2041002,74,1302004,100000,288
2041002,74,1302008,40000,292
2041003,75,1002625,75000,104
2041003,75,1052113,120000,108
2041003,75,1052110,100000,112
2041003,75,1061069,160000,116
2041003,75,1061070,160000,120
2041003,75,1060072,160000,124
2041003,75,1060071,160000,128
2041003,75,1060052,108000,132
2041003,75,1060050,108000,136
2041003,75,1060051,108000,140
2041003,75,1051009,111000,144
2041003,75,1051008,111000,148
2041003,75,1051007,111000,152
2041003,75,1041074,180000,156
2041003,75,1041075,180000,160
2041003,75,1040083,180000,164
2041003,75,1040082,180000,168
2041003,75,1040061,114000,172
2041003,75,1040062,114000,176
2041003,75,1040063,114000,180
2041003,75,1002180,100000,184
2041003,75,1002179,100000,188
2041003,75,1002178,100000,192
2041003,75,1002177,100000,196
2041003,75,1002176,100000,200
2041003,75,1061080,160000,204
2041003,75,1061081,160000,208
2041003,75,1061062,108000,212
2041003,75,1061060,108000,216
2041003,75,1061064,108000,220
2041003,75,1061061,108000,224
2041003,75,1060069,160000,228
2041003,75,1060070,160000,232
2041003,75,1060063,108000,236
2041003,75,1060061,108000,240
2041003,75,1060065,108000,244
2041003,75,1060062,108000,248
2041003,75,1041081,180000,252
2041003,75,1041082,180000,256
2041003,75,1041067,114000,260
2041003,75,1041065,114000,264
2041003,75,1041069,114000,268
2041003,75,1041066,114000,272
2041003,75,1040079,180000,276
2041003,75,1040081,180000,280
2041003,75,1040076,114000,284
2041003,75,1040074,114000,288
2041003,75,1040073,114000,292
2041003,75,1040072,114000,296
2041003,75,1002137,100000,300
2041003,75,1002135,100000,304
2041003,75,1002139,100000,308
2041003,75,1002138,100000,312
2041003,75,1061047,120000,316
2041003,75,1061048,120000,320
2041003,75,1051027,450000,324
2041003,75,1051024,450000,328
2041003,75,1051025,450000,332
2041003,75,1051023,450000,336
2041003,75,1050037,450000,340
2041003,75,1050036,450000,344
2041003,75,1050038,450000,348
2041003,75,1050035,450000,352
2041003,75,1050002,300000,356
2041003,75,1050031,300000,360
2041003,75,1041051,120000,364
2041003,75,1041052,120000,368
2041003,75,1002144,96000,372
2041003,75,1002143,96000,376
2041003,75,1002142,96000,380
2041003,75,1002141,96000,384
2041003,75,1092002,200000,388
2041003,75,1092001,100000,392
2041003,75,1061084,180000,396
2041003,75,1061083,180000,400
2041003,75,1060074,180000,404
2041003,75,1060075,180000,408
2041003,75,1051014,112500,412
2041003,75,1051001,112500,416
2041003,75,1050021,112500,420
2041003,75,1050000,112500,424
2041003,75,1041085,200000,428
2041003,75,1041084,200000,432
2041003,75,1040085,200000,436
2041003,75,1040000,200000,440
2041003,75,1002004,160000,444
2041006,76,2061001,10,0
2041006,76,2060001,10,0
2041006,76,2061000,1,0
2041006,76,2060000,1,0
2041006,76,2030000,400,0
2041006,76,2020028,2850,0
2041006,76,2020006,503,0
2041006,76,2020005,304,0
2041006,76,2020004,427,0
2041006,76,2020003,427,0
2041006,76,2020002,304,0
2041006,76,2020001,209,0
2041006,76,2010002,47,0
2041006,76,2010001,106,0
2041006,76,2002010,500,0
2041006,76,2002009,500,0
2041006,76,2002008,500,0
2041006,76,2002007,500,0
2041006,76,2002006,500,0
2041006,76,2001002,3800,0
2041006,76,2001001,2185,0
2041006,76,2000006,589,0
2041006,76,2000011,620,0
2041006,76,2000003,190,0
2041006,76,2000010,200,0
2041006,76,2000002,304,0
2041006,76,2000009,320,0
2041006,76,2000001,152,0
2041006,76,2000008,160,0
2041006,76,2000000,47,0
2041006,76,2000007,50,0
2041006,76,2330000,600,1
2041006,76,2070000,500,1
2041016,77,4031348,10000000,104
2041016,77,2044900,69000,108
2041016,77,2044800,69000,112
2041016,77,2044700,69000,116
2041016,77,2044600,69000,120
2041016,77,2044500,69000,124
2041016,77,2043800,69000,128
2041016,77,2043700,69000,132
2041016,77,2044400,69000,136
2041016,77,2044300,69000,140
2041016,77,2044200,69000,144
2041016,77,2044100,69000,148
2041016,77,2044000,69000,152
2041016,77,2043300,69000,156
2041016,77,2043200,69000,160
2041016,77,2043100,69000,164
2041016,77,2043000,69000,168
2041016,77,2041003,34000,172
2041016,77,2041000,34000,176
2041016,77,2040900,34000,180
2041016,77,2040800,34000,184
2041016,77,2040706,34000,188
2041016,77,2040703,34000,192
2041016,77,2040700,34000,196
2041016,77,2040600,34000,200
2041016,77,2040503,34000,204
2041016,77,2040400,34000,208
2041016,77,2040000,34000,212
2041016,77,2040300,34000,216
2050003,32,1002625,75000,104
2050003,32,1052113,120000,108
2050003,32,1052110,100000,112
2050003,32,1061069,160000,116
2050003,32,1061070,160000,120
2050003,32,1060072,160000,124
2050003,32,1060071,160000,128
2050003,32,1060052,108000,132
2050003,32,1060050,108000,136
2050003,32,1060051,108000,140
2050003,32,1051009,111000,144
2050003,32,1051008,111000,148
2050003,32,1051007,111000,152
2050003,32,1041074,180000,156
2050003,32,1041075,180000,160
2050003,32,1040083,180000,164
2050003,32,1040082,180000,168
2050003,32,1040061,114000,172
2050003,32,1040062,114000,176
2050003,32,1040063,114000,180
2050003,32,1002180,100000,184
2050003,32,1002179,100000,188
2050003,32,1002178,100000,192
2050003,32,1002177,100000,196
2050003,32,1002176,100000,200
2050003,32,1061080,160000,204
2050003,32,1061081,160000,208
2050003,32,1061062,108000,212
2050003,32,1061060,108000,216
2050003,32,1061064,108000,220
2050003,32,1061061,108000,224
2050003,32,1060069,160000,228
2050003,32,1060070,160000,232
2050003,32,1060063,108000,236
2050003,32,1060061,108000,240
2050003,32,1060065,108000,244
2050003,32,1060062,108000,248
2050003,32,1041081,180000,252
2050003,32,1041082,180000,256
2050003,32,1041067,114000,260
2050003,32,1041065,114000,264
2050003,32,1041069,114000,268
2050003,32,1041066,114000,272
2050003,32,1040079,180000,276
2050003,32,1040081,180000,280
2050003,32,1040076,114000,284
2050003,32,1040074,114000,288
2050003,32,1040073,114000,292
2050003,32,1040072,114000,296
2050003,32,1002137,100000,300
2050003,32,1002135,100000,304
2050003,32,1002139,100000,308
2050003,32,1002138,100000,312
2050003,32,1061047,120000,316
2050003,32,1061048,120000,320
2050003,32,1051027,450000,324
2050003,32,1051024,450000,328
2050003,32,1051025,450000,332
2050003,32,1051023,450000,336
2050003,32,1050037,450000,340
2050003,32,1050036,450000,344
2050003,32,1050038,450000,348
2050003,32,1050035,450000,352
2050003,32,1050002,300000,356
2050003,32,1050031,300000,360
2050003,32,1041051,120000,364
2050003,32,1041052,120000,368
2050003,32,1002144,96000,372
2050003,32,1002143,96000,376
2050003,32,1002142,96000,380
2050003,32,1002141,96000,384
2050003,32,1092002,200000,388
2050003,32,1092001,100000,392
2050003,32,1061084,180000,396
2050003,32,1061083,180000,400
2050003,32,1060074,180000,404
2050003,32,1060075,180000,408
2050003,32,1051014,112500,412
2050003,32,1051001,112500,416
2050003,32,1050021,112500,420
2050003,32,1050000,112500,424
2050003,32,1041085,200000,428
2050003,32,1041084,200000,432
2050003,32,1040085,200000,436
2050003,32,1040000,200000,440
2050003,32,1002004,160000,444
2051000,31,2061001,10,0
2051000,31,2060001,10,0
2051000,31,2061000,1,0
2051000,31,2060000,1,0
2051000,31,2030000,400,0
2051000,31,2022000,1155,0
2051000,31,2022003,770,0
2051000,31,2020015,10608,0
2051000,31,2020014,8424,0
2051000,31,2020013,5600,0
2051000,31,2020012,4680,0
2051000,31,2010004,180,0
2051000,31,2010003,60,0
2051000,31,2010002,50,0
2051000,31,2010001,150,0
2051000,31,2010000,30,0
2051000,31,2001002,4000,0
2051000,31,2001001,2300,0
2051000,31,2001000,3200,0
2051000,31,2002011,1200,0
2051000,31,2002005,400,0
2051000,31,2002004,500,0
2051000,31,2002002,400,0
2051000,31,2002001,400,0
2051000,31,2002000,400,0
2051000,31,2000006,385,0
2051000,31,2000003,150,0
2051000,31,2000002,280,0
2051000,31,2000001,150,0
2051000,31,2000000,30,0
2051000,31,2330000,800,1
2051000,31,2070000,500,1
2060003,41,1002625,75000,104
2060003,41,1052113,120000,108
2060003,41,1052110,100000,112
2060003,41,1052107,90000,116
2060003,41,1002622,40000,120
2060003,41,1061070,160000,124
2060003,41,1061069,160000,128
2060003,41,1041075,180000,132
2060003,41,1041074,180000,136
2060003,41,1060072,160000,140
2060003,41,1060071,160000,144
2060003,41,1040083,180000,148
2060003,41,1040082,180000,152
2060003,41,1051009,111000,156
2060003,41,1051008,111000,160
2060003,41,1051007,111000,164
2060003,41,1060051,108000,168
2060003,41,1060050,108000,172
2060003,41,1040062,114000,176
2060003,41,1040061,114000,180
2060003,41,1060045,40000,184
2060003,41,1060043,40000,188
2060003,41,1040059,45000,192
2060003,41,1040057,45000,196
2060003,41,1061046,40000,200
2060003,41,1061045,40000,204
2060003,41,1061043,40000,208
2060003,41,1041050,45000,212
2060003,41,1041049,45000,216
2060003,41,1041047,45000,220
2060003,41,1061081,160000,224
2060003,41,1061080,160000,228
2060003,41,1041082,180000,232
2060003,41,1041081,180000,236
2060003,41,1060070,160000,240
2060003,41,1060069,160000,244
2060003,41,1040081,180000,248
2060003,41,1040079,180000,252
2060003,41,1060063,108000,256
2060003,41,1060062,108000,260
2060003,41,1060061,108000,264
2060003,41,1040074,114000,268
2060003,41,1040073,114000,272
2060003,41,1040072,114000,276
2060003,41,1061062,108000,280
2060003,41,1061061,108000,284
2060003,41,1061060,108000,288
2060003,41,1041067,114000,292
2060003,41,1041066,114000,296
2060003,41,1041065,114000,300
2060003,41,1060058,44000,304
2060003,41,1060056,44000,308
2060003,41,1040069,50000,312
2060003,41,1040067,50000,316
2060003,41,1061052,44000,320
2060003,41,1061050,44000,324
2060003,41,1041056,50000,328
2060003,41,1041054,50000,332
2060003,41,1050038,450000,336
2060003,41,1050037,450000,340
2060003,41,1050036,450000,344
2060003,41,1051025,450000,348
2060003,41,1051024,450000,352
2060003,41,1051023,450000,356
2060003,41,1050031,300000,360
2060003,41,1050030,300000,364
2060003,41,1050002,300000,368
2060003,41,1061048,120000,372
2060003,41,1061047,120000,376
2060003,41,1041052,120000,380
2060003,41,1041051,120000,384
2060003,41,1050028,40000,388
2060003,41,1050026,40000,392
2060003,41,1050003,40000,396
2060003,41,1061036,40000,400
2060003,41,1061035,40000,404
2060003,41,1061034,40000,408
2060003,41,1041043,42000,412
2060003,41,1041042,42000,416
2060003,41,1041041,42000,420
2060003,41,1061084,180000,424
2060003,41,1061083,180000,428
2060003,41,1060075,180000,432
2060003,41,1060074,180000,436
2060003,41,1041085,200000,440
2060003,41,1041084,200000,444
2060003,41,1040086,200000,448
2060003,41,1040085,200000,452
2060003,41,1051015,112500,456
2060003,41,1051014,112500,460
2060003,41,1051001,112500,464
2060003,41,1050021,112500,468
2060003,41,1050000,112500,472
2060003,41,1060017,38000,476
2060003,41,1060016,38000,480
2060003,41,1040026,40000,484
2060003,41,1040021,40000,488
2060003,41,1050011,70000,492
2060003,41,1051013,60000,496
2060003,41,1051012,60000,500
2060003,41,1051011,60000,504
2060003,41,1002177,100000,508
2060003,41,1002172,60000,512
2060003,41,1002138,100000,516
2060003,41,1002162,60000,520
2060003,41,1002142,96000,524
2060003,41,1002034,60000,528
2060003,41,1002048,160000,532
2060003,41,1002023,120000,536
2060004,40,2061001,10,0
2060004,40,2060001,10,0
2060004,40,2061000,1,0
2060004,40,2060000,1,0
2060004,40,2030000,400,0
2060004,40,2022000,1155,0
2060004,40,2022003,770,0
2060004,40,2020015,10608,0
2060004,40,2020014,8424,0
2060004,40,2020013,5824,0
2060004,40,2020012,5680,0
2060004,40,2010004,180,0
2060004,40,2010003,60,0
2060004,40,2010001,150,0
2060004,40,2010002,50,0
2060004,40,2010000,30,0
2060004,40,2001002,4000,0
2060004,40,2001001,2300,0
2060004,40,2001000,3200,0
2060004,40,2022041,1600,0
2060004,40,2022040,300,0
2060004,40,2002005,500,0
2060004,40,2002004,500,0
2060004,40,2002002,500,0
2060004,40,2002001,400,0
2060004,40,2002000,500,0
2060004,40,2000006,385,0
2060004,40,2000003,150,0
2060004,40,2000002,280,0
2060004,40,2000001,150,0
2060004,40,2000000,50,0
2060004,40,2330000,800,1
2060004,40,2070000,500,1
2060007,42,1492006,160000,104
2060007,42,1492005,100000,108
2060007,42,1492004,75000,112
2060007,42,1482006,150000,116
2060007,42,1482005,100000,120
2060007,42,1482004,75000,124
2060007,42,1472007,60000,128
2060007,42,1462005,250000,132
2060007,42,1462004,200000,136
2060007,42,1462000,30000,140
2060007,42,1462003,12000,144
2060007,42,1452007,375000,148
2060007,42,1452006,250000,152
2060007,42,1452005,150000,156
2060007,42,1452000,20000,160
2060007,42,1442009,300000,164
2060007,42,1442003,175000,168
2060007,42,1442001,60000,172
2060007,42,1442004,24000,176
2060007,42,1432005,225000,180
2060007,42,1432003,175000,184
2060007,42,1432002,60000,188
2060007,42,1422007,250000,192
2060007,42,1422008,200000,196
2060007,42,1422001,45000,200
2060007,42,1422004,20000,204
2060007,42,1412005,250000,208
2060007,42,1412006,45000,212
2060007,42,1412004,200000,216
2060007,42,1412000,22000,220
2060007,42,1402007,450000,224
2060007,42,1402006,350000,228
2060007,42,1402002,150000,232
2060007,42,1402008,22000,236
2060007,42,1372000,400000,240
2060007,42,1372001,175000,244
2060007,42,1372003,38000,248
2060007,42,1382002,20000,252
2060007,42,1372004,18000,256
2060007,42,1332011,425000,260
2060007,42,1332014,375000,264
2060007,42,1332012,40000,268
2060007,42,1332004,38000,272
2060007,42,1322016,175000,276
2060007,42,1322015,100000,280
2060007,42,1322014,40000,284
2060007,42,1322004,22000,288
2060007,42,1312007,175000,292
2060007,42,1312006,100000,296
2060007,42,1312005,40000,300
2060007,42,1312003,20000,304
2060007,42,1302009,225000,308
2060007,42,1302004,100000,312
2060007,42,1302008,40000,316
2060007,42,1302003,20000,320
2070001,37,2060001,10,0
2070001,37,2061001,10,0
2070001,37,2060000,1,0
2070001,37,2061000,1,0
2070001,37,2030000,400,0
2070001,37,2022000,1650,0
2070001,37,2022003,770,0
2070001,37,2020015,10200,0
2070001,37,2020014,8424,0
2070001,37,2020013,5824,0
2070001,37,2020012,4680,0
2070001,37,2010004,180,0
2070001,37,2010003,60,0
2070001,37,2010001,150,0
2070001,37,2010002,50,0
2070001,37,2010000,30,0
2070001,37,2001002,4000,0
2070001,37,2001001,2300,0
2070001,37,2001000,3200,0
2070001,37,2002005,500,0
2070001,37,2002004,500,0
2070001,37,2002002,500,0
2070001,37,2002001,400,0
2070001,37,2002000,500,0
2070001,37,2000006,385,0
2070001,37,2000003,150,0
2070001,37,2000002,320,0
2070001,37,2000001,150,0
2070001,37,2000000,50,0
2070001,37,2070000,500,1
2070001,37,2330000,800,1
2070002,39,1492006,160000,104
2070002,39,1492005,100000,108
2070002,39,1482006,150000,112
2070002,39,1482005,100000,116
2070002,39,1472007,60000,120
2070002,39,1472004,30000,124
2070002,39,1462005,250000,128
2070002,39,1462004,200000,132
2070002,39,1452007,375000,136
2070002,39,1452006,250000,140
2070002,39,1442009,300000,144
2070002,39,1442003,175000,148
2070002,39,1432005,225000,152
2070002,39,1432003,175000,156
2070002,39,1422007,250000,160
2070002,39,1422008,200000,164
2070002,39,1412005,250000,168
2070002,39,1412004,200000,172
2070002,39,1402007,450000,176
2070002,39,1402006,350000,180
2070002,39,1372000,400000,184
2070002,39,1372001,175000,188
2070002,39,1332011,425000,192
2070002,39,1332014,375000,196
2070002,39,1332001,200000,200
2070002,39,1322016,175000,204
2070002,39,1322015,100000,208
2070002,39,1312007,175000,212
2070002,39,1312006,100000,216
2070002,39,1302009,225000,220
2070002,39,1302004,100000,224
2070003,38,1002625,75000,104
2070003,38,1052113,120000,108
2070003,38,1052110,100000,112
2070003,38,1052107,90000,116
2070003,38,1061069,160000,120
2070003,38,1061070,160000,124
2070003,38,1060072,160000,128
2070003,38,1060071,160000,132
2070003,38,1060052,108000,136
2070003,38,1060050,108000,140
2070003,38,1060051,108000,144
2070003,38,1051009,111000,148
2070003,38,1051008,111000,152
2070003,38,1051007,111000,156
2070003,38,1041074,180000,160
2070003,38,1041075,180000,164
2070003,38,1040083,180000,168
2070003,38,1040082,180000,172
2070003,38,1040061,114000,176
2070003,38,1040062,114000,180
2070003,38,1040063,114000,184
2070003,38,1002180,100000,188
2070003,38,1002179,100000,192
2070003,38,1002178,100000,196
2070003,38,1002177,100000,200
2070003,38,1002176,100000,204
2070003,38,1061080,160000,208
2070003,38,1061081,160000,212
2070003,38,1061062,108000,216
2070003,38,1061060,108000,220
2070003,38,1061064,108000,224
2070003,38,1061061,108000,228
2070003,38,1060069,160000,232
2070003,38,1060070,160000,236
2070003,38,1060063,108000,240
2070003,38,1060061,108000,244
2070003,38,1060065,108000,248
2070003,38,1060062,108000,252
2070003,38,1041081,180000,256
2070003,38,1041082,180000,260
2070003,38,1041067,114000,264
2070003,38,1041065,114000,268
2070003,38,1041069,114000,272
2070003,38,1041066,114000,276
2070003,38,1040079,180000,280
2070003,38,1040081,180000,284
2070003,38,1040076,114000,288
2070003,38,1040074,114000,292
2070003,38,1040073,114000,296
2070003,38,1040072,114000,300
2070003,38,1002137,100000,304
2070003,38,1002135,100000,308
2070003,38,1002139,100000,312
2070003,38,1002138,100000,316
2070003,38,1061047,120000,320
2070003,38,1061048,120000,324
2070003,38,1051027,450000,328
2070003,38,1051024,450000,332
2070003,38,1051025,450000,336
2070003,38,1051023,450000,340
2070003,38,1050037,450000,344
2070003,38,1050036,450000,348
2070003,38,1050038,450000,352
2070003,38,1050035,450000,356
2070003,38,1050002,300000,360
2070003,38,1050031,300000,364
2070003,38,1041051,120000,368
2070003,38,1041052,120000,372
2070003,38,1002144,96000,376
2070003,38,1002143,96000,380
2070003,38,1002142,96000,384
2070003,38,1002141,96000,388
2070003,38,1092002,200000,392
2070003,38,1092001,100000,396
2070003,38,1061084,180000,400
2070003,38,1061083,180000,404
2070003,38,1060074,180000,408
2070003,38,1060075,180000,412
2070003,38,1051014,112500,416
2070003,38,1051001,112500,420
2070003,38,1050021,112500,424
2070003,38,1050000,112500,428
2070003,38,1041085,200000,432
2070003,38,1041084,200000,436
2070003,38,1040085,200000,440
2070003,38,1040000,200000,444
2070003,38,1002004,160000,448
2080001,43,2061001,10,0
2080001,43,2060001,10,0
2080001,43,2061000,1,0
2080001,43,2060000,1,0
2080001,43,2030000,400,0
2080001,43,2020015,10608,0
2080001,43,2020014,8424,0
2080001,43,2020013,5824,0
2080001,43,2020012,4680,0
2080001,43,2010004,180,0
2080001,43,2010003,60,0
2080001,43,2010001,150,0
2080001,43,2010002,50,0
2080001,43,2010000,30,0
2080001,43,2001002,4000,0
2080001,43,2001001,2300,0
2080001,43,2001000,3200,0
2080001,43,2022089,3400,0
2080001,43,2002005,500,0
2080001,43,2002004,500,0
2080001,43,2002002,500,0
2080001,43,2002001,400,0
2080001,43,2002000,500,0
2080001,43,2000006,385,0
2080001,43,2000003,150,0
2080001,43,2000002,280,0
2080001,43,2000001,150,0
2080001,43,2000000,50,0
2080001,43,2330000,800,1
2080001,43,2070000,500,1
2080002,45,1002625,75000,104
2080002,45,1052113,120000,108
2080002,45,1052110,100000,112
2080002,45,1061069,160000,116
2080002,45,1061070,160000,120
2080002,45,1060072,160000,124
2080002,45,1060071,160000,128
2080002,45,1060052,108000,132
2080002,45,1060050,108000,136
2080002,45,1060051,108000,140
2080002,45,1051009,111000,144
2080002,45,1051008,111000,148
2080002,45,1051007,111000,152
2080002,45,1041074,180000,156
2080002,45,1041075,180000,160
2080002,45,1040083,180000,164
2080002,45,1040082,180000,168
2080002,45,1040061,114000,172
2080002,45,1040062,114000,176
2080002,45,1040063,114000,180
2080002,45,1002180,100000,184
2080002,45,1002179,100000,188
2080002,45,1002178,100000,192
2080002,45,1002177,100000,196
2080002,45,1002176,100000,200
2080002,45,1061080,160000,204
2080002,45,1061081,160000,208
2080002,45,1061062,108000,212
2080002,45,1061060,108000,216
2080002,45,1061064,108000,220
2080002,45,1061061,108000,224
2080002,45,1060069,160000,228
2080002,45,1060070,160000,232
2080002,45,1060063,108000,236
2080002,45,1060061,108000,240
2080002,45,1060065,108000,244
2080002,45,1060062,108000,248
2080002,45,1041081,180000,252
2080002,45,1041082,180000,256
2080002,45,1041067,114000,260
2080002,45,1041065,114000,264
2080002,45,1041069,114000,268
2080002,45,1041066,114000,272
2080002,45,1040079,180000,276
2080002,45,1040081,180000,280
2080002,45,1040076,114000,284
2080002,45,1040074,114000,288
2080002,45,1040073,114000,292
2080002,45,1040072,114000,296
2080002,45,1002137,100000,300
2080002,45,1002135,100000,304
2080002,45,1002139,100000,308
2080002,45,1002138,100000,312
2080002,45,1061047,120000,316
2080002,45,1061048,120000,320
2080002,45,1051027,450000,324
2080002,45,1051024,450000,328
2080002,45,1051025,450000,332
2080002,45,1051023,450000,336
2080002,45,1050037,450000,340
2080002,45,1050036,450000,344
2080002,45,1050038,450000,348
2080002,45,1050035,450000,352
2080002,45,1050002,300000,356
2080002,45,1050031,300000,360
2080002,45,1041051,120000,364
2080002,45,1041052,120000,368
2080002,45,1002144,96000,372
2080002,45,1002143,96000,376
2080002,45,1002142,96000,380
2080002,45,1002141,96000,384
2080002,45,1092002,200000,388
2080002,45,1092001,100000,392
2080002,45,1061084,180000,396
2080002,45,1061083,180000,400
2080002,45,1060074,180000,404
2080002,45,1060075,180000,408
2080002,45,1051014,112500,412
2080002,45,1051001,112500,416
2080002,45,1050021,112500,420
2080002,45,1050000,112500,424
2080002,45,1041085,200000,428
2080002,45,1041084,200000,432
2080002,45,1040085,200000,436
2080002,45,1040000,200000,440
2080002,45,1002004,160000,444
2080003,36,2044900,70000,104
2080003,36,2044800,70000,108
2080003,36,2044700,70000,112
2080003,36,2044600,70000,116
2080003,36,2044500,70000,120
2080003,36,2044400,70000,124
2080003,36,2044300,70000,128
2080003,36,2044200,70000,132
2080003,36,2044100,70000,136
2080003,36,2044000,70000,140
2080003,36,2043800,70000,144
2080003,36,2043700,70000,148
2080003,36,2043300,70000,152
2080003,36,2043200,70000,156
2080003,36,2043100,70000,160
2080003,36,2043000,70000,164
2080003,36,2040706,35000,168
2080003,36,2040703,35000,172
2080003,36,2041003,35000,176
2080003,36,2041000,35000,180
2080003,36,2040900,35000,184
2080003,36,2040600,35000,188
2080003,36,2040400,35000,192
2080003,36,2040300,35000,196
2080003,36,2040000,35000,200
2080004,44,2260000,1000,220
2080004,44,2120000,30,224
2090001,47,1492006,160000,104
2090001,47,1492005,100000,108
2090001,47,1482006,150000,112
2090001,47,1482005,100000,116
2090001,47,1472007,60000,120
2090001,47,1472004,30000,124
2090001,47,1472001,20000,128
2090001,47,1462005,250000,132
2090001,47,1462004,200000,136
2090001,47,1462000,30000,140
2090001,47,1452007,375000,144
2090001,47,1452006,250000,148
2090001,47,1452005,150000,152
2090001,47,1442009,300000,156
2090001,47,1442003,175000,160
2090001,47,1442001,60000,164
2090001,47,1432005,225000,168
2090001,47,1432003,175000,172
2090001,47,1432002,60000,176
2090001,47,1422007,250000,180
2090001,47,1422008,200000,184
2090001,47,1422001,45000,188
2090001,47,1412005,250000,192
2090001,47,1412004,200000,196
2090001,47,1412006,45000,200
2090001,47,1402007,450000,204
2090001,47,1402006,350000,208
2090001,47,1402002,150000,212
2090001,47,1382002,20000,216
2090001,47,1372000,400000,220
2090001,47,1372001,175000,224
2090001,47,1372003,38000,228
2090001,47,1332011,425000,232
2090001,47,1332014,375000,236
2090001,47,1332001,200000,240
2090001,47,1332012,40000,244
2090001,47,1332009,42000,248
2090001,47,1322016,175000,252
2090001,47,1322015,100000,256
2090001,47,1322014,40000,260
2090001,47,1312007,175000,264
2090001,47,1312006,100000,268
2090001,47,1312005,40000,272
2090001,47,1302009,225000,276
2090001,47,1302004,100000,280
2090001,47,1302008,40000,284
2090002,48,1002625,75000,104
2090002,48,1052113,120000,108
2090002,48,1052110,100000,112
2090002,48,1061069,160000,116
2090002,48,1061070,160000,120
2090002,48,1060072,160000,124
2090002,48,1060071,160000,128
2090002,48,1060052,108000,132
2090002,48,1060050,108000,136
2090002,48,1060051,108000,140
2090002,48,1051009,111000,144
2090002,48,1051008,111000,148
2090002,48,1051007,111000,152
2090002,48,1041074,180000,156
2090002,48,1041075,180000,160
2090002,48,1040083,180000,164
2090002,48,1040082,180000,168
2090002,48,1040061,114000,172
2090002,48,1040062,114000,176
2090002,48,1040063,114000,180
2090002,48,1002180,100000,184
2090002,48,1002179,100000,188
2090002,48,1002178,100000,192
2090002,48,1002177,100000,196
2090002,48,1002176,100000,200
2090002,48,1061080,160000,204
2090002,48,1061081,160000,208
2090002,48,1061062,108000,212
2090002,48,1061060,108000,216
2090002,48,1061064,108000,220
2090002,48,1061061,108000,224
2090002,48,1060069,160000,228
2090002,48,1060070,160000,232
2090002,48,1060063,108000,236
2090002,48,1060061,108000,240
2090002,48,1060065,108000,244
2090002,48,1060062,108000,248
2090002,48,1041081,180000,252
2090002,48,1041082,180000,256
2090002,48,1041067,114000,260
2090002,48,1041065,114000,264
2090002,48,1041069,114000,268
2090002,48,1041066,114000,272
2090002,48,1040079,180000,276
2090002,48,1040081,180000,280
2090002,48,1040076,114000,284
2090002,48,1040074,114000,288
2090002,48,1040073,114000,292
2090002,48,1040072,114000,296
2090002,48,1002137,100000,300
2090002,48,1002135,100000,304
2090002,48,1002139,100000,308
2090002,48,1002138,100000,312
2090002,48,1061047,120000,316
2090002,48,1061048,120000,320
2090002,48,1051027,450000,324
2090002,48,1051024,450000,328
2090002,48,1051025,450000,332
2090002,48,1051023,450000,336
2090002,48,1050037,450000,340
2090002,48,1050036,450000,344
2090002,48,1050038,450000,348
2090002,48,1050035,450000,352
2090002,48,1050002,300000,356
2090002,48,1050031,300000,360
2090002,48,1041051,120000,364
2090002,48,1041052,120000,368
2090002,48,1002144,96000,372
2090002,48,1002143,96000,376
2090002,48,1002142,96000,380
2090002,48,1002141,96000,384
2090002,48,1092002,200000,388
2090002,48,1092001,100000,392
2090002,48,1061084,180000,396
2090002,48,1061083,180000,400
2090002,48,1060074,180000,404
2090002,48,1060075,180000,408
2090002,48,1051014,112500,412
2090002,48,1051001,112500,416
2090002,48,1050021,112500,420
2090002,48,1050000,112500,424
2090002,48,1041085,200000,428
2090002,48,1041084,200000,432
2090002,48,1040085,200000,436
2090002,48,1040000,200000,440
2090002,48,1002004,160000,444
2090003,49,2061000,1,0
2090003,49,2060000,1,0
2090003,49,2030000,400,0
2090003,49,2050002,300,0
2090003,49,2050001,200,0
2090003,49,2050000,200,0
2090003,49,2020015,10608,0
2090003,49,2020014,8424,0
2090003,49,2020013,5824,0
2090003,49,2020012,4680,0
2090003,49,2001002,4000,0
2090003,49,2001001,2300,0
2090003,49,2001000,3200,0
2090003,49,2022000,1155,0
2090003,49,2022003,770,0
2090003,49,2010004,180,0
2090003,49,2010003,60,0
2090003,49,2010001,150,0
2090003,49,2010002,50,0
2090003,49,2010000,30,0
2090003,49,2002005,500,0
2090003,49,2002004,500,0
2090003,49,2002002,500,0
2090003,49,2002001,400,0
2090003,49,2002000,500,0
2090003,49,2000006,620,0
2090003,49,2000003,200,0
2090003,49,2000002,280,0
2090003,49,2000001,150,0
2090003,49,2000000,30,0
2090003,49,2070000,500,1
2090003,49,2330000,800,1
2090006,46,2260000,1000,220
2090006,46,2120000,30,224
2093000,51,1492004,75000,104
2093000,51,1482004,75000,108
2093000,51,1472001,20000,112
2093000,51,1462000,30000,116
2093000,51,1452005,150000,120
2093000,51,1442001,60000,124
2093000,51,1432002,60000,128
2093000,51,1422001,45000,132
2093000,51,1412006,45000,136
2093000,51,1402002,150000,140
2093000,51,1382002,20000,144
2093000,51,1372003,38000,148
2093000,51,1332012,40000,152
2093000,51,1332009,42000,156
2093000,51,1322014,40000,160
2093000,51,1312005,40000,164
2093000,51,1302008,40000,168
2093001,50,1052107,90000,104
2093001,50,1002622,40000,108
2093001,50,1061046,40000,112
2093001,50,1061045,40000,116
2093001,50,1061044,40000,120
2093001,50,1061043,40000,124
2093001,50,1060046,40000,128
2093001,50,1060045,40000,132
2093001,50,1060044,40000,136
2093001,50,1060043,40000,140
2093001,50,1041050,45000,144
2093001,50,1041049,45000,148
2093001,50,1041048,45000,152
2093001,50,1041047,45000,156
2093001,50,1040060,45000,160
2093001,50,1040059,45000,164
2093001,50,1040058,45000,168
2093001,50,1040057,45000,172
2093001,50,1002175,30000,176
2093001,50,1002174,30000,180
2093001,50,1002173,30000,184
2093001,50,1002172,30000,188
2093001,50,1002171,30000,192
2093001,50,1061051,44000,196
2093001,50,1061050,44000,200
2093001,50,1061052,44000,204
2093001,50,1060057,44000,208
2093001,50,1060056,44000,212
2093001,50,1060058,44000,216
2093001,50,1060059,44000,220
2093001,50,1041055,50000,224
2093001,50,1041054,50000,228
2093001,50,1041056,50000,232
2093001,50,1040068,50000,236
2093001,50,1040067,50000,240
2093001,50,1040070,50000,244
2093001,50,1040069,50000,248
2093001,50,1002165,30000,252
2093001,50,1002164,30000,256
2093001,50,1002163,30000,260
2093001,50,1002162,30000,264
2093001,50,1002161,30000,268
2093001,50,1061036,40000,272
2093001,50,1061035,40000,276
2093001,50,1061034,40000,280
2093001,50,1050028,40000,284
2093001,50,1050027,40000,288
2093001,50,1050026,40000,292
2093001,50,1050003,40000,296
2093001,50,1041043,42000,300
2093001,50,1041042,42000,304
2093001,50,1041041,42000,308
2093001,50,1002064,40000,312
2093001,50,1092006,60000,316
2093001,50,1060019,38000,320
2093001,50,1060018,38000,324
2093001,50,1060017,38000,328
2093001,50,1060016,38000,332
2093001,50,1051013,60000,336
2093001,50,1051012,60000,340
2093001,50,1051011,60000,344
2093001,50,1051010,60000,348
2093001,50,1040026,40000,352
2093001,50,1040021,40000,356
2093001,50,1002023,120000,360
2093002,52,2061000,1,0
2093002,52,2060000,1,0
2093002,52,2030000,400,0
2093002,52,2050003,500,0
2093002,52,2050002,300,0
2093002,52,2050001,200,0
2093002,52,2050000,200,0
2093002,52,2020028,3000,0
2093002,52,2010004,310,0
2093002,52,2010003,100,0
2093002,52,2010001,150,0
2093002,52,2010002,50,0
2093002,52,2010000,30,0
2093002,52,2001002,4000,0
2093002,52,2001001,2300,0
2093002,52,2001000,3200,0
2093002,52,2022000,1155,0
2093002,52,2022003,770,0
2093002,52,2002005,500,0
2093002,52,2002004,500,0
2093002,52,2002002,500,0
2093002,52,2002001,400,0
2093002,52,2002000,500,0
2093002,52,2000006,385,0
2093002,52,2000003,200,0
2093002,52,2000002,280,0
2093002,52,2000001,150,0
2093002,52,2000000,30,0
2093002,52,2330000,800,1
2093002,52,2070000,500,1
21000,3,1040002,50,0
21000,3,1040006,50,0
21000,3,1040010,50,0
21000,3,1041002,50,0
21000,3,1041006,50,0
21000,3,1041010,50,0
21000,3,1041011,50,0
21000,3,1060002,50,0
21000,3,1060006,50,0
21000,3,1061002,50,0
21000,3,1061008,50,0
21000,3,1072001,50,0
21000,3,1072005,50,0
2100002,53,1492004,75000,104
2100002,53,1482004,75000,108
2100002,53,1472001,20000,112
2100002,53,1462000,30000,116
2100002,53,1452005,150000,120
2100002,53,1442001,60000,124
2100002,53,1432002,60000,128
2100002,53,1422001,45000,132
2100002,53,1412006,45000,136
2100002,53,1402002,150000,140
2100002,53,1382002,20000,144
2100002,53,1372003,38000,148
2100002,53,1332012,40000,152
2100002,53,1332009,42000,156
2100002,53,1322014,40000,160
2100002,53,1312005,40000,164
2100002,53,1302008,40000,168
2100003,54,1052107,90000,104
2100003,54,1002622,40000,108
2100003,54,1061046,40000,112
2100003,54,1061045,40000,116
2100003,54,1061044,40000,120
2100003,54,1061043,40000,124
2100003,54,1060046,40000,128
2100003,54,1060045,40000,132
2100003,54,1060044,40000,136
2100003,54,1060043,40000,140
2100003,54,1041050,45000,144
2100003,54,1041049,45000,148
2100003,54,1041048,45000,152
2100003,54,1041047,45000,156
2100003,54,1040060,45000,160
2100003,54,1040059,45000,164
2100003,54,1040058,45000,168
2100003,54,1040057,45000,172
2100003,54,1002175,30000,176
2100003,54,1002174,30000,180
2100003,54,1002173,30000,184
2100003,54,1002172,30000,188
2100003,54,1002171,30000,192
2100003,54,1061051,44000,196
2100003,54,1061050,44000,200
2100003,54,1061052,44000,204
2100003,54,1060057,44000,208
2100003,54,1060056,44000,212
2100003,54,1060058,44000,216
2100003,54,1060059,44000,220
2100003,54,1041055,50000,224
2100003,54,1041054,50000,228
2100003,54,1041056,50000,232
2100003,54,1040068,50000,236
2100003,54,1040067,50000,240
2100003,54,1040070,50000,244
2100003,54,1040069,50000,248
2100003,54,1002165,30000,252
2100003,54,1002164,30000,256
2100003,54,1002163,30000,260
2100003,54,1002162,30000,264
2100003,54,1002161,30000,268
2100003,54,1061036,40000,272
2100003,54,1061035,40000,276
2100003,54,1061034,40000,280
2100003,54,1050028,40000,284
2100003,54,1050027,40000,288
2100003,54,1050026,40000,292
2100003,54,1050003,40000,296
2100003,54,1041043,42000,300
2100003,54,1041042,42000,304
2100003,54,1041041,42000,308
2100003,54,1002064,40000,312
2100003,54,1092006,60000,316
2100003,54,1060019,38000,320
2100003,54,1060018,38000,324
2100003,54,1060017,38000,328
2100003,54,1060016,38000,332
2100003,54,1051013,60000,336
2100003,54,1051012,60000,340
2100003,54,1051011,60000,344
2100003,54,1051010,60000,348
2100003,54,1040026,40000,352
2100003,54,1040021,40000,356
2100003,54,1002023,120000,360
2100003,54,1002004,160000,364
2100004,55,2120000,30,0
2100004,55,2061000,1,0
2100004,55,2060000,1,0
2100004,55,2030000,400,0
2100004,55,2050003,500,0
2100004,55,2050002,300,0
2100004,55,2050001,200,0
2100004,55,2050000,200,0
2100004,55,2020028,3000,0
2100004,55,2010004,180,0
2100004,55,2010003,60,0
2100004,55,2010001,150,0
2100004,55,2010002,50,0
2100004,55,2010000,30,0
2100004,55,2001002,4000,0
2100004,55,2001001,2300,0
2100004,55,2001000,3200,0
2100004,55,2022000,1150,0
2100004,55,2022003,770,0
2100004,55,2002005,500,0
2100004,55,2002004,500,0
2100004,55,2002002,500,0
2100004,55,2002001,400,0
2100004,55,2002000,500,0
2100004,55,2000006,385,0
2100004,55,2000003,150,0
2100004,55,2000002,280,0
2100004,55,2000001,150,0
2100004,55,2000000,30,0
2100004,55,2330000,800,1
2100004,55,2070000,500,1
2110001,56,2120000,30,0
2110001,56,2061000,1,0
2110001,56,2060000,1,0
2110001,56,2030000,400,0
2110001,56,2050003,500,0
2110001,56,2050002,300,0
2110001,56,2050001,200,0
2110001,56,2050000,200,0
2110001,56,2020028,3000,0
2110001,56,2010004,310,0
2110001,56,2010003,100,0
2110001,56,2010001,150,0
2110001,56,2010002,50,0
2110001,56,2010000,30,0
2110001,56,2001002,4000,0
2110001,56,2001001,2300,0
2110001,56,2001000,3200,0
2110001,56,2022000,1650,0
2110001,56,2022003,1100,0
2110001,56,2002005,500,0
2110001,56,2002004,500,0
2110001,56,2002002,500,0
2110001,56,2002001,400,0
2110001,56,2002000,500,0
2110001,56,2000006,385,0
2110001,56,2000003,150,0
2110001,56,2000002,280,0
2110001,56,2000001,160,0
2110001,56,2000000,30,0
2110001,56,2330000,800,1
2110001,56,2070000,500,1
2130000,65,2061000,1,120
2130000,65,2060000,1,124
2130000,65,2030000,400,128
2130000,65,2050002,300,132
2130000,65,2050001,200,136
2130000,65,2050000,200,140
2130000,65,2020015,10608,144
2130000,65,2020014,8424,148
2130000,65,2020013,5824,152
2130000,65,2020012,4680,156
2130000,65,2001002,4000,160
2130000,65,2001001,2300,164
2130000,65,2001000,3200,168
2130000,65,2022000,1155,172
2130000,65,2022003,770,176
2130000,65,2010004,310,180
2130000,65,2010003,60,184
2130000,65,2010001,150,188
2130000,65,2010002,50,192
2130000,65,2010000,30,196
2130000,65,2002005,500,200
2130000,65,2002004,500,204
2130000,65,2002002,500,208
2130000,65,2002001,400,212
2130000,65,2002000,500,216
2130000,65,2000006,385,220
2130000,65,2000003,150,224
2130000,65,2000002,280,228
2130000,65,2000001,150,232
2130000,65,2000000,30,236
9110001,86,1432009,60000,108
9110003,87,2022022,1300,104
9110003,87,2022021,550,108
9110004,91,2022023,1350,104
9110004,91,2022014,650,108
9110005,89,2022025,4200,104
9110005,89,2022024,2000,108
9110006,88,2022027,3800,104
9110006,88,2022026,1800,108
9110007,90,2022015,12000,32
9110007,90,2022020,550,104
9110007,90,2022019,850,108
9110007,90,2022018,1600,112
9110007,90,2022017,1100,116
9110100,93,1302021,1250000,0
9110102,94,2000000,30,1
9110102,94,2000001,150,2
9110102,94,2000002,280,3
9110102,94,2000003,150,4
9110102,94,2002000,400,6
9110102,94,2002001,400,7
9110102,94,2002002,400,8
9110102,94,2002003,400,9
9110102,94,2002004,500,10
9110102,94,2002005,400,11
9110102,94,2001000,3200,12
9110102,94,2001001,2300,13
9110102,94,2001002,4000,14
9110102,94,2010000,50,15
9110102,94,2010001,150,16
9110102,94,2010002,50,17
9110102,94,2010003,60,18
9110102,94,2010004,180,19
9110102,94,2020012,4680,20
9110102,94,2020013,5824,21
9110102,94,2020014,8424,22
9110102,94,2020015,10608,23
9110102,94,2022003,770,24
9110102,94,2022000,1155,25
9110102,94,2060000,1,26
9110102,94,2061000,1,27
9110102,94,2060001,10,28
9110102,94,2061001,10,29
9110102,94,2030000,250,30
9110102,94,2330000,800,31
9110102,94,2070000,500,32
9120000,83,1472008,250000,0
9120000,83,1312013,100000,0
9120000,83,1322012,15000,0
9120000,83,1402009,30000,0
9120000,83,1432008,150000,0
9120000,83,1402010,150000,0
9120000,83,1462006,500000,0
9120000,83,1302021,1250000,0
9120000,83,1302022,80000,0
9120000,83,1332024,2000000,0
9120000,83,1382011,2000000,0
9120000,83,2070000,500,1
9120001,85,1002136,100000,0
9120001,85,1032002,110000,0
9120001,85,1040029,110000,0
9120001,85,1060020,110000,0
9120001,85,1051006,110000,0
9120001,85,1072051,25000,0
9120001,85,1072034,25000,0
9120001,85,1072086,25000,0
9120001,85,1072020,30000,0
9120001,85,2070012,100000,0
9120001,85,2070013,100000,0
9120002,84,2070000,500,104
9120002,84,2020014,8100,108
9120002,84,2022002,1000,112
9120002,84,2001002,4000,116
9120002,84,2000006,620,120
9120002,84,2000003,200,124
9120002,84,2020012,4500,128
9120002,84,2001001,2300,132
9120002,84,2000002,320,136
9120002,84,2000001,160,140
9120002,84,2060003,40,144
9120004,81,2030010,500,0
9120004,81,2030009,500,0
9120004,81,2030008,400,0
9120004,81,1050100,30000,0
9120004,81,2070000,500,1
9120019,82,2030010,500,0
9120019,82,2030009,500,0
9120019,82,2030008,400,0
9120019,82,1051098,30000,0
9120019,82,2070000,500,1
9201058,59,1061045,42500,108
9201058,59,1061044,42500,112
9201058,59,1061043,42500,116
9201058,59,1060046,42500,120
9201058,59,1060045,42500,124
9201058,59,1060044,42500,128
9201058,59,1060043,42500,132
9201058,59,1041050,47500,136
9201058,59,1041049,47500,140
9201058,59,1041048,47500,144
9201058,59,1041047,47500,148
9201058,59,1040060,47500,152
9201058,59,1040059,47500,156
9201058,59,1040058,47500,160
9201058,59,1040057,47500,164
9201058,59,1002175,32500,168
9201058,59,1002174,32500,172
9201058,59,1002173,32500,176
9201058,59,1002172,32500,180
9201058,59,1002171,32500,184
9201058,59,1061051,46500,188
9201058,59,1061050,46500,192
9201058,59,1061052,46500,196
9201058,59,1060057,46500,200
9201058,59,1060056,46500,204
9201058,59,1060058,46500,208
9201058,59,1060059,46500,212
9201058,59,1041055,52500,216
9201058,59,1041054,52500,220
9201058,59,1041056,52500,224
9201058,59,1040068,52500,228
9201058,59,1040067,52500,232
9201058,59,1040070,52500,236
9201058,59,1040069,52500,240
9201058,59,1002165,32500,244
9201058,59,1002164,32500,248
9201058,59,1002163,32500,252
9201058,59,1002162,32500,256
9201058,59,1002161,32500,260
9201058,59,1061036,42500,264
9201058,59,1061035,42500,268
9201058,59,1061034,42500,272
9201058,59,1050028,42500,276
9201058,59,1050027,42500,280
9201058,59,1050026,42500,284
9201058,59,1050003,42500,288
9201058,59,1041043,44500,292
9201058,59,1041042,44500,296
9201058,59,1041041,44500,300
9201058,59,1002064,42500,304
9201058,59,1092006,62500,308
9201058,59,1060019,40500,312
9201058,59,1060018,40500,316
9201058,59,1060017,40500,320
9201058,59,1060016,40500,324
9201058,59,1051013,62500,328
9201058,59,1051012,62500,332
9201058,59,1051011,62500,336
9201058,59,1051010,62500,340
9201058,59,1040026,42500,344
9201058,59,1040021,42500,348
9201058,59,1002023,122500,352
9201059,58,1472001,22500,104
9201059,58,1462000,32500,108
9201059,58,1452005,152500,112
9201059,58,1442001,62500,116
9201059,58,1432002,62500,120
9201059,58,1422001,47500,124
9201059,58,1412006,47500,128
9201059,58,1402002,152500,132
9201059,58,1382002,22500,136
9201059,58,1372003,40500,140
9201059,58,1332012,42500,144
9201059,58,1332009,44500,148
9201059,58,1322014,42500,152
9201059,58,1312005,42500,156
9201059,58,1302068,352500,160
9201060,57,2000000,30,0
9201060,57,2000001,150,0
9201060,57,2000002,280,0
9201060,57,2000003,150,0
9201060,57,2000006,385,0
9201060,57,2002016,5000,0
9201060,57,2002017,7500,0
9201060,57,2002018,5000,0
9201060,57,2002019,5000,0
9201060,57,2002020,6800,0
9201060,57,2002021,6800,0
9201060,57,2002022,8100,0
9201060,57,2002023,13800,0
9201060,57,2002024,1500,0
9201060,57,2002025,1500,0
9201060,57,2010000,30,0
9201060,57,2010002,50,0
9201060,57,2010001,150,0
9201060,57,2010003,100,0
9201060,57,2010004,180,0
9201060,57,2022189,1000,0
9201060,57,2022191,1000,0
9201060,57,2022192,600,0
9201060,57,2022003,770,0
9201060,57,2022000,1150,0
9201060,57,2001000,3200,0
9201060,57,2001001,2300,0
9201060,57,2001002,4000,0
9201060,57,2022190,3000,0
9201060,57,2020012,4500,0
9201060,57,2020013,5600,0
9201060,57,2020014,8100,0
9201060,57,2020015,10200,0
9201060,57,2022195,15000,0
9201060,57,2030000,400,0
9201060,57,2060000,1,0
9201060,57,2061000,1,0
9201060,57,2070000,500,0
9201060,57,2330000,800,1
9270019,62,1472007,60000,104
9270019,62,1472004,30000,108
9270019,62,1472001,20000,112
9270019,62,1462005,250000,116
9270019,62,1462004,200000,120
9270019,62,1462000,30000,124
9270019,62,1452007,375000,128
9270019,62,1452006,250000,132
9270019,62,1452005,150000,136
9270019,62,1442009,300000,140
9270019,62,1442003,175000,144
9270019,62,1442001,60000,148
9270019,62,1432005,225000,152
9270019,62,1432003,175000,156
9270019,62,1432002,60000,160
9270019,62,1422007,250000,164
9270019,62,1422008,200000,168
9270019,62,1422001,45000,172
9270019,62,1412005,250000,176
9270019,62,1412004,200000,180
9270019,62,1412006,45000,184
9270019,62,1402007,450000,188
9270019,62,1402006,350000,192
9270019,62,1402002,150000,196
9270019,62,1382002,20000,200
9270019,62,1372000,400000,204
9270019,62,1372001,175000,208
9270019,62,1372003,38000,212
9270019,62,1332011,425000,216
9270019,62,1332014,375000,220
9270019,62,1332001,200000,224
9270019,62,1332012,40000,228
9270019,62,1332009,42000,232
9270019,62,1322016,175000,236
9270019,62,1322015,100000,240
9270019,62,1322014,40000,244
9270019,62,1312007,175000,248
9270019,62,1312006,100000,252
9270019,62,1312005,40000,256
9270019,62,1302009,225000,260
9270019,62,1302004,100000,264
9270019,62,1302008,40000,268
9270020,63,1002004,160000,0
9270020,63,1061069,160000,104
9270020,63,1061070,160000,108
9270020,63,1060072,160000,112
9270020,63,1060071,160000,116
9270020,63,1060052,108000,120
9270020,63,1060050,108000,124
9270020,63,1060051,108000,128
9270020,63,1051009,111000,132
9270020,63,1051008,111000,136
9270020,63,1051007,111000,140
9270020,63,1041074,180000,144
9270020,63,1041075,180000,148
9270020,63,1040083,180000,152
9270020,63,1040082,180000,156
9270020,63,1040061,114000,160
9270020,63,1040062,114000,164
9270020,63,1040063,114000,168
9270020,63,1002180,100000,172
9270020,63,1002179,100000,176
9270020,63,1002178,100000,180
9270020,63,1002177,100000,184
9270020,63,1002176,100000,188
9270020,63,1061080,160000,192
9270020,63,1061081,160000,196
9270020,63,1061062,108000,200
9270020,63,1061060,108000,204
9270020,63,1061064,108000,208
9270020,63,1061061,108000,212
9270020,63,1060069,160000,216
9270020,63,1060070,160000,220
9270020,63,1060063,108000,224
9270020,63,1060061,108000,228
9270020,63,1060065,108000,232
9270020,63,1060062,108000,236
9270020,63,1041081,180000,240
9270020,63,1041082,180000,244
9270020,63,1041067,114000,248
9270020,63,1041065,114000,252
9270020,63,1041069,114000,256
9270020,63,1041066,114000,260
9270020,63,1040079,180000,264
9270020,63,1040081,180000,268
9270020,63,1040076,114000,272
9270020,63,1040074,114000,276
9270020,63,1040073,114000,280
9270020,63,1040072,114000,284
9270020,63,1002137,100000,288
9270020,63,1002135,100000,292
9270020,63,1002139,100000,296
9270020,63,1002138,100000,300
9270020,63,1061047,120000,304
9270020,63,1061048,120000,308
9270020,63,1051027,450000,312
9270020,63,1051024,450000,316
9270020,63,1051025,450000,320
9270020,63,1051023,450000,324
9270020,63,1050037,450000,328
9270020,63,1050036,450000,332
9270020,63,1050038,450000,336
9270020,63,1050035,450000,340
9270020,63,1050002,300000,344
9270020,63,1050031,300000,348
9270020,63,1041051,120000,352
9270020,63,1041052,120000,356
9270020,63,1002144,96000,360
9270020,63,1002143,96000,364
9270020,63,1002142,96000,368
9270020,63,1002141,96000,372
9270020,63,1092002,200000,376
9270020,63,1092001,100000,380
9270020,63,1061084,180000,384
9270020,63,1061083,180000,388
9270020,63,1060074,180000,392
9270020,63,1060075,180000,396
9270020,63,1051014,112500,400
9270020,63,1051001,112500,404
9270020,63,1050021,112500,408
9270020,63,1050000,112500,412
9270020,63,1041085,200000,416
9270020,63,1041084,200000,420
9270020,63,1040085,200000,424
9270020,63,1040000,200000,428
9270021,95,2000000,30,0
9270021,95,2000001,150,0
9270021,95,2000002,280,0
9270021,95,2000003,150,0
9270021,95,2000006,385,0
9270021,95,2001000,3200,0
9270021,95,2001001,2300,0
9270021,95,2001002,4000,0
9270021,95,2002000,400,0
9270021,95,2002001,400,0
9270021,95,2002002,500,0
9270021,95,2002003,600,0
9270021,95,2002004,500,0
9270021,95,2010000,30,0
9270021,95,2010001,150,0
9270021,95,2010002,50,0
9270021,95,2010003,60,0
9270021,95,2010004,180,0
9270021,95,2020028,3000,0
9270021,95,2022000,1155,0
9270021,95,2022003,770,0
9270021,95,2030000,400,0
9270021,95,2050000,200,0
9270021,95,2050001,200,0
9270021,95,2050002,300,0
9270021,95,2050003,500,0
9270021,95,2060000,1,0
9270021,95,2061000,1,0
9270021,95,2070000,500,1
9270021,95,2330000,800,1
9270022,60,2061000,1,0
9270022,60,2060000,1,0
9270022,60,2030000,400,0
9270022,60,2050003,500,0
9270022,60,2050002,300,0
9270022,60,2050001,200,0
9270022,60,2050000,200,0
9270022,60,2020028,3000,0
9270022,60,2010004,180,0
9270022,60,2010003,100,0
9270022,60,2010001,150,0
9270022,60,2010002,50,0
9270022,60,2010000,30,0
9270022,60,2001002,4000,0
9270022,60,2001001,2300,0
9270022,60,2001000,3200,0
9270022,60,2022000,1150,0
9270022,60,2022003,770,0
9270022,60,2002005,500,0
9270022,60,2002004,500,0
9270022,60,2002002,500,0
9270022,60,2002001,400,0
9270022,60,2002000,500,0
9270022,60,2000006,620,0
9270022,60,2000003,150,0
9270022,60,2000002,280,0
9270022,60,2000001,150,0
9270022,60,2000000,30,0
9270022,60,2070000,500,1
9270022,60,2330000,800,1
9270027,61,2022214,3200,108
9270027,61,2022211,6400,112
9270027,61,2022210,3200,116
9270027,61,2022209,1600,120
9270027,61,2022208,1000,124
9270027,61,2022207,2600,128
9270027,61,2022206,2200,132
9270027,61,2022205,1800,136
9270027,61,2022204,1200,140
9270027,61,2022203,800,144
9270065,64,2022476,4200,0
9270065,64,2022477,9200,0
9270065,64,2022478,3200,0
9270065,64,2022479,3800,0
9270065,64,2022480,12000,0
9270065,64,2022203,800,0
9270065,64,2022204,1200,0
9270065,64,2022205,1800,0
9270065,64,2022206,2200,0
9270065,64,2022207,2600,0
9270065,64,2022208,1000,0
9270065,64,2022209,1600,0
9270065,64,2022210,3200,0
9270065,64,2022211,6400,0
9270065,64,2022214,3200,0
9270065,64,2022215,6800,0
9270065,64,2050000,200,0
9270065,64,2050001,200,0
9270065,64,2050002,300,0
9270065,64,2050003,500,0
9270065,64,2030000,400,0
9270065,64,2060000,1,0
9270065,64,2061000,1,0
9330029,92,2000001,150,0
9330029,92,2000002,280,0
9330029,92,2000003,150,0
9330029,92,2000006,180,0
9330029,92,2010004,180,0
9330029,92,2020000,420,0
9330029,92,2020001,206,0
9330029,92,2020005,332,0
9330029,92,2020003,427,0
9330029,92,2020007,1200,0
9330029,92,2001000,3328,0
9330029,92,2020008,2000,0
9330029,92,2001001,2185,0
9330029,92,2001002,4000,0
9330029,92,2022021,2300,0
9330029,92,2022022,2600,0
9330029,92,2022017,1100,0
9330029,92,2022018,1600,0
9330029,92,2022020,550,0
9330029,92,2022014,650,0
9330047,79,1002625,79000,104
9330047,79,1052113,120000,108
9330047,79,1052110,100000,112
9330047,79,1061069,160000,116
9330047,79,1061070,160000,120
9330047,79,1060072,160000,124
9330047,79,1060071,160000,128
9330047,79,1060052,108000,132
9330047,79,1060050,108000,136
9330047,79,1060051,108000,140
9330047,79,1051009,111000,144
9330047,79,1051008,111000,148
9330047,79,1051007,111000,152
9330047,79,1041078,180000,156
9330047,79,1041079,180000,160
9330047,79,1040083,180000,164
9330047,79,1040082,180000,168
9330047,79,1040061,114000,172
9330047,79,1040062,114000,176
9330047,79,1040063,114000,180
9330047,79,1002180,100000,184
9330047,79,1002179,100000,188
9330047,79,1002178,100000,192
9330047,79,1002177,100000,196
9330047,79,1002176,100000,200
9330047,79,1061080,160000,204
9330047,79,1061081,160000,208
9330047,79,1061062,108000,212
9330047,79,1061060,108000,216
9330047,79,1061064,108000,220
9330047,79,1061061,108000,224
9330047,79,1060069,160000,228
9330047,79,1060070,160000,232
9330047,79,1060063,108000,236
9330047,79,1060061,108000,240
9330047,79,1060065,108000,244
9330047,79,1060062,108000,248
9330047,79,1041081,180000,252
9330047,79,1041082,180000,256
9330047,79,1041067,114000,260
9330047,79,1041065,114000,264
9330047,79,1041069,114000,268
9330047,79,1041066,114000,272
9330047,79,1040079,180000,276
9330047,79,1040081,180000,280
9330047,79,1040076,114000,284
9330047,79,1040079,114000,288
9330047,79,1040073,114000,292
9330047,79,1040072,114000,296
9330047,79,1002137,100000,300
9330047,79,1002135,100000,304
9330047,79,1002139,100000,308
9330047,79,1002138,100000,312
9330047,79,1061047,120000,316
9330047,79,1061048,120000,320
9330047,79,1051027,450000,324
9330047,79,1051024,450000,328
9330047,79,1051025,450000,332
9330047,79,1051023,450000,336
9330047,79,1050037,450000,340
9330047,79,1050036,450000,344
9330047,79,1050038,450000,348
9330047,79,1050035,450000,352
9330047,79,1050002,300000,356
9330047,79,1050031,300000,360
9330047,79,1041051,120000,364
9330047,79,1041052,120000,368
9330047,79,1002144,96000,372
9330047,79,1002143,96000,376
9330047,79,1002142,96000,380
9330047,79,1002141,96000,384
9330047,79,1092002,200000,388
9330047,79,1092001,100000,392
9330047,79,1061084,180000,396
9330047,79,1061083,180000,400
9330047,79,1060078,180000,404
9330047,79,1060079,180000,408
9330047,79,1051014,112500,412
9330047,79,1051001,112500,416
9330047,79,1050021,112500,420
9330047,79,1050000,112500,424
9330047,79,1041085,200000,428
9330047,79,1041084,200000,432
9330047,79,1040085,200000,436
9330047,79,1040000,200000,440
9330047,79,1002004,160000,444
9330048,78,1492006,160000,104
9330048,78,1492005,100000,108
9330048,78,1492004,79000,112
9330048,78,1482006,150000,116
9330048,78,1482005,100000,120
9330048,78,1482004,79000,124
9330048,78,1472007,60000,128
9330048,78,1472004,30000,132
9330048,78,1472001,20000,136
9330048,78,1462005,250000,140
9330048,78,1462004,200000,144
9330048,78,1462000,30000,148
9330048,78,1452007,379000,152
9330048,78,1452006,250000,156
9330048,78,1452005,150000,160
9330048,78,1442009,300000,164
9330048,78,1442003,179000,168
9330048,78,1442001,60000,172
9330048,78,1432005,225000,176
9330048,78,1432003,179000,180
9330048,78,1432002,60000,184
9330048,78,1422007,250000,188
9330048,78,1422008,200000,192
9330048,78,1422001,45000,196
9330048,78,1412005,250000,200
9330048,78,1412004,200000,204
9330048,78,1412006,45000,208
9330048,78,1402007,450000,212
9330048,78,1402006,350000,216
9330048,78,1402002,150000,220
9330048,78,1382002,20000,224
9330048,78,1372000,400000,228
9330048,78,1372001,179000,232
9330048,78,1372003,38000,236
9330048,78,1332011,425000,240
9330048,78,1332014,379000,244
9330048,78,1332001,200000,248
9330048,78,1332012,40000,252
9330048,78,1332009,42000,256
9330048,78,1322016,179000,260
9330048,78,1322015,100000,264
9330048,78,1322014,40000,268
9330048,78,1312007,179000,272
9330048,78,1312006,100000,276
9330048,78,1312005,40000,280
9330048,78,1302009,225000,284
9330048,78,1302004,100000,288
9330048,78,1302008,40000,292
9330053,80,2060000,1,0
9330053,80,2030000,400,0
9330053,80,2020015,10608,0
9330053,80,2020014,8424,0
9330053,80,2020013,5824,0
9330053,80,2020012,4680,0
9330053,80,2010004,180,0
9330053,80,2010003,60,0
9330053,80,2010001,150,0
9330053,80,2010002,50,0
9330053,80,2010000,30,0
9330053,80,2001002,4000,0
9330053,80,2001001,2300,0
9330053,80,2001000,3200,0
9330053,80,2002005,500,0
9330053,80,2002004,500,0
9330053,80,2002002,500,0
9330053,80,2002001,400,0
9330053,80,2002000,500,0
9330053,80,2000006,620,0
9330053,80,2000003,150,0
9330053,80,2000002,280,0
9330053,80,2000001,150,0
9330053,80,2000000,30,0
9330053,80,2061000,1,0
